,mean_fit_time,mean_score_time,mean_test_score,mean_train_score,param_NN__alpha,param_NN__hidden_layer_sizes,param_pca__n_components,params,rank_test_score,split0_test_score,split0_train_score,split1_test_score,split1_train_score,split2_test_score,split2_train_score,split3_test_score,split3_train_score,split4_test_score,split4_train_score,std_fit_time,std_score_time,std_test_score,std_train_score
0,18.617184782028197,0.09403190612792969,0.5970949742131488,0.5965507096407665,0.1,"(50, 50)",2,"{'NN__alpha': 0.1, 'pca__n_components': 2, 'NN__hidden_layer_sizes': (50, 50)}",164,0.6147472380314698,0.5914974992644895,0.5692166052895882,0.5718541167570295,0.6109809173083361,0.6200615727314757,0.6061265483762973,0.6243905770604798,0.5843553057400787,0.5749497823903582,1.7486499032977294,0.021777480384094227,0.017470175097758583,0.022044843362866898
1,18.67946982383728,0.09090952873229981,0.5491668090154633,0.5285115370066826,0.1,"(50, 50)",3,"{'NN__alpha': 0.1, 'pca__n_components': 3, 'NN__hidden_layer_sizes': (50, 50)}",213,0.6368429862738534,0.5586858529819694,0.6026113157013726,0.5812003530450132,0.5061935051891531,0.49913052158197785,0.5,0.5035409574244525,0.5000000000000002,0.5,1.2038422850982238,0.024817912490382274,0.05870055841865786,0.03460139400267031
2,16.371475982666016,0.16839828491210937,0.5195159565598007,0.5121537847266002,0.1,"(50, 50)",4,"{'NN__alpha': 0.1, 'pca__n_components': 4, 'NN__hidden_layer_sizes': (50, 50)}",217,0.5258620689655173,0.5096089185895011,0.5716437897556076,0.5508158912285126,0.5,0.49939320388349506,0.5,0.502164502164502,0.5000000000000002,0.4987864077669903,1.6688573389080061,0.106944464748097,0.027934619966144093,0.01971060516148675
3,31.290714740753174,0.09663887023925781,0.6252162188827947,0.6303749509055837,0.1,"(50, 50)",5,"{'NN__alpha': 0.1, 'pca__n_components': 5, 'NN__hidden_layer_sizes': (50, 50)}",117,0.70873786407767,0.6828137477409323,0.679360562437228,0.7152812802084647,0.5382490793438232,0.5499464128104904,0.6667224640107131,0.7001297650569496,0.5326605348322264,0.5037035487110815,11.565848554751337,0.03746427877087426,0.07449651560489294,0.0864164800724434
4,24.81425995826721,0.11984710693359375,0.6549008890575716,0.674536863928394,0.1,"(50, 50)",6,"{'NN__alpha': 0.1, 'pca__n_components': 6, 'NN__hidden_layer_sizes': (50, 50)}",61,0.6901573485102109,0.6882749127894758,0.6621191831268831,0.6694011894254612,0.6713257448945432,0.6786659941999748,0.6370940743220623,0.6770268566385071,0.6136518480667691,0.6593153665885504,2.140802516984268,0.03287099621303693,0.026757169243447235,0.0096959053303187
5,24.25973343849182,0.0855222225189209,0.5978333889748251,0.6214461983168043,0.1,"(50, 50)",7,"{'NN__alpha': 0.1, 'pca__n_components': 7, 'NN__hidden_layer_sizes': (50, 50)}",156,0.5641111483093405,0.5523735972765099,0.7017073987278206,0.7235951750514857,0.5,0.5108225108225108,0.6136591898225645,0.6569395410414828,0.6097342871742465,0.6635001673920322,8.671870488658886,0.006927581402295835,0.06619141655980429,0.07806580761127241
6,36.764117336273195,0.16785683631896972,0.6795849763670718,0.6862497771729442,0.1,"(50, 50)",8,"{'NN__alpha': 0.1, 'pca__n_components': 8, 'NN__hidden_layer_sizes': (50, 50)}",25,0.696350853699364,0.6845527045769764,0.666973552058922,0.7024755180094986,0.6861399397388684,0.6818628378094398,0.6384332105791765,0.6780591980834699,0.7101430761369446,0.6842986273853365,7.229799690768551,0.17289078179594985,0.02493669520163,0.008441475337696519
7,29.75134735107422,0.1320570468902588,0.6447157374795812,0.6688672015965287,0.1,"(50, 50)",9,"{'NN__alpha': 0.1, 'pca__n_components': 9, 'NN__hidden_layer_sizes': (50, 50)}",95,0.6664713759625042,0.6624007060900265,0.710077000334784,0.7189220569074939,0.6134081017743556,0.6256041692934897,0.6198526950117174,0.6593667255075022,0.6136518480667691,0.6780423501841312,5.061889466518809,0.026301706635618354,0.038237651083158304,0.030309854720581602
8,36.85484290122986,0.11751213073730468,0.6469916294543735,0.6782768983053551,0.1,"(50, 50)",10,"{'NN__alpha': 0.1, 'pca__n_components': 10, 'NN__hidden_layer_sizes': (50, 50)}",88,0.6853029795781721,0.722562833606523,0.6941747572815534,0.7041146555709662,0.615835286240375,0.5966959820115161,0.5864579845999331,0.6237023494305047,0.6532106966445241,0.7443086709072649,12.026678268017807,0.03246450184441531,0.04092412773672015,0.05765909476778489
9,24.386286783218384,0.08158226013183593,0.6147467727010797,0.6356989414446729,0.1,"(50, 50)",11,"{'NN__alpha': 0.1, 'pca__n_components': 11, 'NN__hidden_layer_sizes': (50, 50)}",140,0.6925845329762303,0.6820440885974866,0.6214429193170405,0.633130017231959,0.5913123535319719,0.5785104862774765,0.5236859725477067,0.6129612701214643,0.6448220064724922,0.6718488449949782,2.1115423389352674,0.032199283100004215,0.05631678909415541,0.038075736800581274
10,25.768891954421996,0.1127814769744873,0.6197304634052582,0.6505529915347459,0.1,"(50, 50)",12,"{'NN__alpha': 0.1, 'pca__n_components': 12, 'NN__hidden_layer_sizes': (50, 50)}",130,0.6963508536993639,0.6971956037490018,0.6645463675929026,0.6913088933720002,0.5492969534650151,0.5629334257975035,0.6088048208905257,0.6730419661244905,0.5795009368080398,0.6282850686307332,6.221020337842436,0.03005010160104314,0.054005056129968025,0.05003074949923804
11,8.930796098709106,0.04689483642578125,0.6601586348704319,0.6605746111939617,0.1,"(50,)",2,"{'NN__alpha': 0.1, 'pca__n_components': 2, 'NN__hidden_layer_sizes': (50,)}",52,0.6981921660528961,0.6433536124070105,0.6413625711416138,0.6727425083007608,0.6605289588215602,0.6522480351363846,0.6567626380984266,0.6683504602193924,0.6438851984329759,0.6661784399062605,2.3049165168977996,0.03831241513600139,0.02038090509908878,0.01100744395731829
12,6.0339256763458256,0.04649028778076172,0.5703021409370332,0.5645404074220612,0.1,"(50,)",3,"{'NN__alpha': 0.1, 'pca__n_components': 3, 'NN__hidden_layer_sizes': (50,)}",189,0.7049715433545365,0.6684502794939688,0.49271844660194175,0.4884708737864077,0.5,0.4981796116504854,0.49757281553398053,0.4981796116504854,0.6565746891500599,0.6694216605289588,2.8638297292158557,0.02075158652777691,0.09146963973643153,0.08531286321029523
13,7.186030626296997,0.0379091739654541,0.6664486215290758,0.6816585796749841,0.1,"(50,)",4,"{'NN__alpha': 0.1, 'pca__n_components': 4, 'NN__hidden_layer_sizes': (50,)}",41,0.6335788416471377,0.6570840163073174,0.6586039504519586,0.6739561005337704,0.6911617007030466,0.7076004497121003,0.7019584867760296,0.7168652544866138,0.6468659512859823,0.6527870773351188,3.1507510665939207,0.023496187069060506,0.02607010139159109,0.0261124168521706
14,9.804055070877075,0.035824823379516604,0.662301529185649,0.6730025094312004,0.1,"(50,)",5,"{'NN__alpha': 0.1, 'pca__n_components': 5, 'NN__hidden_layer_sizes': (50,)}",47,0.6877301640441916,0.6673995502878998,0.7116672246401072,0.7046216324128944,0.6702376966856378,0.6497394191568948,0.6139102778707735,0.6757134451309209,0.6278317152103562,0.667538500167392,0.7684013663591932,0.02081310799349182,0.03654315009942256,0.017941783790952796
15,8.978201484680175,0.046533727645874025,0.6496580549685752,0.663584551816892,0.1,"(50,)",6,"{'NN__alpha': 0.1, 'pca__n_components': 6, 'NN__hidden_layer_sizes': (50,)}",82,0.714931369266823,0.6811562224183584,0.6944258453297624,0.7108524566048838,0.6497321727485772,0.6458175723952424,0.6031134917977905,0.6595742445257008,0.5858456821665818,0.6205222631402746,1.5433188827619182,0.0139886191666277,0.049994449032812825,0.03075427534239925
16,7.204666328430176,0.047490501403808595,0.572650772512347,0.5947729120561392,0.1,"(50,)",7,"{'NN__alpha': 0.1, 'pca__n_components': 7, 'NN__hidden_layer_sizes': (50,)}",188,0.5,0.5074444164249989,0.5692166052895882,0.5764458033875509,0.5985939069300301,0.618422435170008,0.6247070639437563,0.6608430000420291,0.5707290069834783,0.6107089052561098,1.2835770691895396,0.032290342865682733,0.041672747074056805,0.05126531265991554
17,9.209855079650879,0.04087514877319336,0.6532323946221149,0.6676092613446146,0.1,"(50,)",8,"{'NN__alpha': 0.1, 'pca__n_components': 8, 'NN__hidden_layer_sizes': (50,)}",67,0.6976899899564781,0.6808935401168411,0.6421995313023101,0.6787474257134452,0.6616170070304654,0.672516601521456,0.673167057248075,0.6706778254108352,0.5912536194856075,0.6352109139604956,2.205502850790339,0.018986073288876956,0.03577026396226503,0.016635394520522255
18,11.063646173477172,0.0547116756439209,0.651636093190956,0.6844344794252728,0.1,"(50,)",9,"{'NN__alpha': 0.1, 'pca__n_components': 9, 'NN__hidden_layer_sizes': (50,)}",76,0.6521593572145966,0.676582923548943,0.6976899899564781,0.7003110158449963,0.6494810847003684,0.6837646576724247,0.6381821225309675,0.677026856638507,0.620550161812298,0.6844869434214932,0.8093239731949557,0.022045044321317032,0.02558140805280998,0.008591107348513765
19,7.515842723846435,0.02847127914428711,0.6182336558455889,0.6215358907357568,0.1,"(50,)",10,"{'NN__alpha': 0.1, 'pca__n_components': 10, 'NN__hidden_layer_sizes': (50,)}",139,0.6247070639437563,0.651234081452528,0.6543354536324071,0.6385911822805026,0.5579176431201874,0.557309397722019,0.5899732172748577,0.5944500483335434,0.6644098109351051,0.666094743890191,1.294649598703277,0.012190481115919973,0.03977957574543916,0.040042582732500324
20,8.563803243637086,0.07506422996520996,0.5972914104315968,0.6181188831255788,0.1,"(50,)",11,"{'NN__alpha': 0.1, 'pca__n_components': 11, 'NN__hidden_layer_sizes': (50,)}",160,0.5112989621694007,0.5559145547009624,0.6222798794777369,0.6041403984365149,0.628222296618681,0.6522664228974909,0.6419484432541012,0.6509713991510108,0.5826520183955035,0.627301640441915,2.107319210462057,0.026161809246816055,0.04731188835833339,0.0357615486872877
21,5.40939359664917,0.04456167221069336,0.5849376021558842,0.586847859483447,0.1,"(50,)",12,"{'NN__alpha': 0.1, 'pca__n_components': 12, 'NN__hidden_layer_sizes': (50,)}",173,0.6123200535654503,0.5733120035304501,0.5621861399397389,0.5926112722229226,0.5568295949112823,0.5739187996469549,0.5608470036826247,0.5916603622914303,0.6326860841423951,0.6027368597254771,0.6935206955530573,0.023569729722021864,0.03134596631004101,0.01148231181434735
22,1.4912733554840087,0.002411365509033203,0.6824964439741031,0.6760283378043673,0.1,"(25,)",2,"{'NN__alpha': 0.1, 'pca__n_components': 2, 'NN__hidden_layer_sizes': (25,)}",19,0.7017073987278206,0.6658050687176901,0.6798627385336458,0.6919603454797629,0.6863910277870774,0.674925398226369,0.6791094743890191,0.6771713319043416,0.6653466189746213,0.6702795446936726,0.3297810914971441,0.0028613477164952513,0.011799714840325447,0.00887598594909138
23,1.386469030380249,0.008608722686767578,0.6994572134740036,0.6825256848942822,0.1,"(25,)",3,"{'NN__alpha': 0.1, 'pca__n_components': 3, 'NN__hidden_layer_sizes': (25,)}",5,0.7359390693003014,0.6696454839658722,0.7008704385671242,0.690484070945236,0.7060595915634417,0.6563957886773422,0.7170237696685638,0.7357205900895222,0.6371572134219045,0.6603824907934382,0.2506959217398386,0.005245877385002824,0.033334353045437214,0.02909304365142467
24,1.477491807937622,0.005477046966552735,0.6999493949861102,0.6968160731133614,0.1,"(25,)",4,"{'NN__alpha': 0.1, 'pca__n_components': 4, 'NN__hidden_layer_sizes': (25,)}",4,0.7243053230666221,0.6938070020594292,0.6699029126213593,0.7053912915563402,0.7043856712420489,0.6778227840121044,0.7366086374288585,0.7423664523179087,0.664409810935105,0.6646928356210245,0.30852251249613555,0.006019824815457389,0.028708823047285413,0.026646100440790473
25,1.0466190338134767,0.006801891326904297,0.6300772449338112,0.6361947769338128,0.1,"(25,)",5,"{'NN__alpha': 0.1, 'pca__n_components': 5, 'NN__hidden_layer_sizes': (25,)}",113,0.629812520924004,0.6235027108813517,0.6437897556076332,0.6198619341823226,0.5926514897890861,0.6125173370319003,0.6198526950117175,0.6525107174379019,0.6644098109351051,0.6725811851355875,0.19587155811205473,0.005991101647840832,0.023957319894264705,0.022709698675644183
26,1.2266821384429931,0.0089324951171875,0.6499592539789346,0.6612220234290873,0.1,"(25,)",6,"{'NN__alpha': 0.1, 'pca__n_components': 6, 'NN__hidden_layer_sizes': (25,)}",78,0.6543354536324072,0.6606617492539822,0.6149983260796786,0.6411812297734628,0.6823736190157349,0.6697453032404489,0.6532474054235019,0.6733860799394781,0.6448220064724922,0.661135754938065,0.23499616241833415,0.007237595052653638,0.02159156242980472,0.011158542281874422
27,1.0761916160583496,0.003813934326171875,0.5510756644090841,0.56873973727422,0.1,"(25,)",7,"{'NN__alpha': 0.1, 'pca__n_components': 7, 'NN__hidden_layer_sizes': (25,)}",209,0.49891195179109477,0.508132644054974,0.5013391362571141,0.500425545328458,0.5320555741546702,0.5350575799604925,0.6271342484097757,0.6532173328289833,0.5961079884176463,0.6468655841981922,0.4563494957745376,0.0034859637615597067,0.05171422640598956,0.0674012587409131
28,0.9581574916839599,0.016155529022216796,0.5797160563756184,0.5791576267722903,0.1,"(25,)",8,"{'NN__alpha': 0.1, 'pca__n_components': 8, 'NN__hidden_layer_sizes': (25,)}",180,0.6309005691329094,0.651840877569033,0.5975058587211249,0.5517668011600051,0.5210077000334783,0.5106412600344639,0.5148141948443253,0.5078699617534569,0.6345597002214276,0.6736692333444928,0.14814506830036386,0.019512836281304485,0.05215743605557475,0.07034483598069348
29,1.1511254787445069,0.0038188934326171876,0.6456943896308253,0.665329957956339,0.1,"(25,)",9,"{'NN__alpha': 0.1, 'pca__n_components': 9, 'NN__hidden_layer_sizes': (25,)}",89,0.631653833277536,0.6430278863531291,0.6833779712085705,0.7039334047829194,0.6826247070639437,0.652329466649855,0.5772514228322733,0.6748439667128988,0.6535939362970536,0.6525150652828926,0.08439240274257713,0.003377334910114633,0.03932811404199917,0.02196068813015264
30,0.8764704704284668,0.00614314079284668,0.5905903511290058,0.6096753681537745,0.1,"(25,)",10,"{'NN__alpha': 0.1, 'pca__n_components': 10, 'NN__hidden_layer_sizes': (25,)}",169,0.5902243053230667,0.5983351195729837,0.5487110813525277,0.5911980414407599,0.5880482089052562,0.5803755306182491,0.6031134917977905,0.6009698230572017,0.6229773462783175,0.6774983260796786,0.1795039158167862,0.010153540573463174,0.024349492287796662,0.03465323493467592
31,0.702809476852417,0.0038710594177246093,0.5624553903451586,0.570883641523079,0.1,"(25,)",11,"{'NN__alpha': 0.1, 'pca__n_components': 11, 'NN__hidden_layer_sizes': (25,)}",193,0.5296283896886509,0.5573908292354893,0.5382490793438232,0.5445850670365233,0.6319886173418146,0.6289822636910016,0.5950786742551054,0.5887262009834825,0.5171606199965937,0.5347338466688984,0.22376961555594505,0.0035028032425683865,0.043849364713574195,0.0342761885202
32,1.1836182117462157,0.010183143615722656,0.6456474836595673,0.6756007453655596,0.1,"(25,)",12,"{'NN__alpha': 0.1, 'pca__n_components': 12, 'NN__hidden_layer_sizes': (25,)}",90,0.6227820555741548,0.6955196906653217,0.7054737194509543,0.7355314588324297,0.6828757951121528,0.6931923254738789,0.6397723468362905,0.6848784306308578,0.5770737523420203,0.5688818212253097,0.33300476272433865,0.006074152837727774,0.045199012857696674,0.056165688285188406
33,1.1645677089691162,0.008499240875244141,0.6063075195952743,0.6045985163703611,0.1,"(25, 25)",2,"{'NN__alpha': 0.1, 'pca__n_components': 2, 'NN__hidden_layer_sizes': (25, 25)}",152,0.603699363910278,0.6162579330055058,0.5581687311683964,0.5613757197495062,0.6704887847338467,0.6725980330349262,0.6987780381653833,0.672760896061867,0.5000000000000002,0.5,0.22428233121052238,0.005246296383191352,0.07248801458571526,0.06665590152822756
34,1.2149569034576415,0.010924768447875977,0.5785658743141013,0.5860038159586201,0.1,"(25, 25)",3,"{'NN__alpha': 0.1, 'pca__n_components': 3, 'NN__hidden_layer_sizes': (25, 25)}",184,0.6112320053565451,0.5900212247299625,0.544944760629394,0.5868874248728617,0.6171744224974892,0.6028269869289287,0.5914797455641111,0.6005889337200018,0.5278061659001876,0.5496945095413458,0.3788955238713364,0.009868206438950191,0.035851081919013705,0.019136513852123154
35,1.464294195175171,0.008869791030883789,0.6372550819767205,0.6514968362181286,0.1,"(25, 25)",4,"{'NN__alpha': 0.1, 'pca__n_components': 4, 'NN__hidden_layer_sizes': (25, 25)}",102,0.7098259122865752,0.6979652628924473,0.6262972882490793,0.6593667255075023,0.5778372949447607,0.5735746858319675,0.605038500167392,0.6573650863699407,0.6673905637881113,0.6692124204887848,0.36104491547593065,0.007201522707718137,0.04662171339638262,0.04157256220564715
36,1.2233075141906737,0.00895986557006836,0.6108564792788311,0.6229756252563418,0.1,"(25, 25)",5,"{'NN__alpha': 0.1, 'pca__n_components': 5, 'NN__hidden_layer_sizes': (25, 25)}",148,0.6395212587880817,0.6404115706300172,0.5888851690659525,0.5563584877905265,0.6171744224974892,0.6297519228344471,0.5902243053230667,0.6498392384314714,0.6185062169988079,0.6385169065952461,0.2507871812813035,0.004516088192348636,0.019129527038187575,0.03391447638563251
37,1.3023748397827148,0.003922557830810547,0.6367905820566706,0.6379442591779385,0.1,"(25, 25)",6,"{'NN__alpha': 0.1, 'pca__n_components': 6, 'NN__hidden_layer_sizes': (25, 25)}",107,0.6567626380984266,0.6398047745135123,0.6596919986608638,0.6984906274954819,0.6182624707063945,0.6075999243474971,0.5616839638433211,0.5542754171394948,0.687744847555783,0.6895505523937061,0.3265694166946584,0.003473034060503446,0.043592094402022594,0.05339248545925782
38,1.3429155349731445,0.017387533187866212,0.5970334537505967,0.6221720891540107,0.1,"(25, 25)",7,"{'NN__alpha': 0.1, 'pca__n_components': 7, 'NN__hidden_layer_sizes': (25, 25)}",165,0.636006026113157,0.6675808010759466,0.7138433210579177,0.7029010633379565,0.5086206896551725,0.5186110410624972,0.5309675259457649,0.5647538141470181,0.595724748765117,0.6570137261466354,0.40206137164730876,0.01002933531463535,0.073982929443636,0.06901421164675982
39,1.3433093070983886,0.010430526733398438,0.6656700080104958,0.6818524573295246,0.1,"(25, 25)",8,"{'NN__alpha': 0.1, 'pca__n_components': 8, 'NN__hidden_layer_sizes': (25, 25)}",42,0.6594409106126549,0.6914717563989408,0.6831268831603616,0.7087877737149583,0.652996317375293,0.6609244315554994,0.6888182122530968,0.6789286765014921,0.643885198432976,0.6691496484767325,0.22829534675674662,0.006115533696717396,0.017400765167495953,0.016887476384880532
40,1.196152114868164,0.003908681869506836,0.5512721674213681,0.5775481632528837,0.1,"(25, 25)",9,"{'NN__alpha': 0.1, 'pca__n_components': 9, 'NN__hidden_layer_sizes': (25, 25)}",205,0.5654502845664545,0.5632775396124909,0.4951456310679611,0.5192178371790022,0.5015902243053231,0.5359086706174084,0.6370940743220623,0.6894070735090153,0.5571027082268781,0.5799296953465016,0.33853509481462,0.0034619217046697793,0.05143693325233558,0.05976288561425581
41,0.8855370998382568,0.011945533752441406,0.5545988923061654,0.5734886347331944,0.1,"(25, 25)",10,"{'NN__alpha': 0.1, 'pca__n_components': 10, 'NN__hidden_layer_sizes': (25, 25)}",204,0.5468697689989956,0.5786103055520531,0.5,0.5,0.5344827586206897,0.525974025974026,0.6247070639437563,0.637377590047493,0.5669817748254132,0.6254812520924005,0.36466677482616017,0.004392729315691705,0.04127905597468159,0.05379494374655617
42,1.1568015575408936,0.005368804931640625,0.6451650072918163,0.6768918379355272,0.1,"(25, 25)",11,"{'NN__alpha': 0.1, 'pca__n_components': 11, 'NN__hidden_layer_sizes': (25, 25)}",94,0.6974389019082692,0.6791913588030093,0.6446267157683295,0.6706962131719414,0.609892869099431,0.6622194553019796,0.6333277535989286,0.6563327449249778,0.6405212059274402,0.7160194174757282,0.14441356782957493,0.003448076283131491,0.02878094853398732,0.02103614109416243
43,1.2889209270477295,0.007646751403808594,0.6182693348862633,0.6423984089785898,0.1,"(25, 25)",12,"{'NN__alpha': 0.1, 'pca__n_components': 12, 'NN__hidden_layer_sizes': (25, 25)}",138,0.6397723468362907,0.6641212751649644,0.666973552058922,0.656332744924978,0.5,0.5219891354600092,0.6815366588550386,0.6886190266044635,0.6030063021631753,0.6809298627385337,0.5000541853198593,0.009814921281584024,0.06491981549635041,0.06129512249023116
44,45.89915766716003,0.1610708713531494,0.6189211492132393,0.6215349849347171,0.1,"(100, 25, 100)",2,"{'NN__alpha': 0.1, 'pca__n_components': 2, 'NN__hidden_layer_sizes': (100, 25, 100)}",136,0.5,0.5,0.6868932038834951,0.7099015466733914,0.5,0.5,0.7308336123200536,0.6942246669188418,0.6770993016521889,0.7035487110813525,12.922603472438968,0.041945121033261715,0.09883112275276743,0.09935813555324724
45,38.67457413673401,0.1738377571105957,0.5554651315448269,0.5597712743678596,0.1,"(100, 25, 100)",3,"{'NN__alpha': 0.1, 'pca__n_components': 3, 'NN__hidden_layer_sizes': (100, 25, 100)}",197,0.5086206896551725,0.5129870129870129,0.5,0.5,0.5517241379310345,0.549602298995503,0.5,0.512987012987013,0.7175949582694604,0.7232800468697691,9.7878246614194,0.030598879087149713,0.0831551116292511,0.08341302801201442
46,56.40890383720398,0.22576379776000977,0.6673905982982596,0.67232169125373,0.1,"(100, 25, 100)",4,"{'NN__alpha': 0.1, 'pca__n_components': 4, 'NN__hidden_layer_sizes': (100, 25, 100)}",40,0.6914964847673252,0.6880122304879587,0.673167057248075,0.6982279451939646,0.6812855708068297,0.6571024040684235,0.6271342484097757,0.654430925061993,0.663856242548118,0.6638349514563107,15.070918301823804,0.0407484637862412,0.022101583040038026,0.017555956165484846
47,50.31279916763306,0.15598578453063966,0.6625576790933883,0.6794300736090156,0.1,"(100, 25, 100)",5,"{'NN__alpha': 0.1, 'pca__n_components': 5, 'NN__hidden_layer_sizes': (100, 25, 100)}",46,0.6890693003013058,0.6972770352624722,0.6893203883495146,0.7141491194889253,0.665383327753599,0.6835019753709074,0.6702376966856378,0.6732048291514311,0.5985351728836656,0.6290174087713424,13.0448082566596,0.06596224124428238,0.03338758250262597,0.02870782825510138
48,40.594015216827394,0.20179858207702636,0.6122116827931702,0.6270524183438478,0.1,"(100, 25, 100)",6,"{'NN__alpha': 0.1, 'pca__n_components': 6, 'NN__hidden_layer_sizes': (100, 25, 100)}",147,0.6914964847673252,0.716838986256462,0.6990291262135923,0.7125099819274577,0.5,0.5,0.5,0.5,0.670754556293647,0.7059131235353198,11.25070850576386,0.042960658409926564,0.09214414678012452,0.10379621167317207
49,51.36741099357605,0.1914604663848877,0.650857127891507,0.6737146683246449,0.1,"(100, 25, 100)",7,"{'NN__alpha': 0.1, 'pca__n_components': 7, 'NN__hidden_layer_sizes': (100, 25, 100)}",77,0.7100770003347843,0.7090320682553691,0.697941078004687,0.7307769091749675,0.6605289588215602,0.7196917160509393,0.5,0.5,0.6858712314767504,0.7090726481419485,11.800315055520215,0.08914142400763206,0.07722595793283527,0.0872287563986271
50,68.19753084182739,0.14515166282653807,0.6757422423824425,0.7176342976853524,0.1,"(100, 25, 100)",8,"{'NN__alpha': 0.1, 'pca__n_components': 8, 'NN__hidden_layer_sizes': (100, 25, 100)}",29,0.6658855038500168,0.708343840625394,0.6796116504854369,0.7354500273189594,0.6629561432875796,0.7004738788719371,0.7184466019417477,0.6980466944059177,0.6517203202180211,0.7458570472045531,18.429520324776135,0.020493190183904712,0.023135118794084947,0.01938241770919508
51,65.14941811561584,0.14384074211120607,0.6887889532132825,0.7159594715629198,0.1,"(100, 25, 100)",9,"{'NN__alpha': 0.1, 'pca__n_components': 9, 'NN__hidden_layer_sizes': (100, 25, 100)}",11,0.7149313692668231,0.7001297650569496,0.7076498158687646,0.7313837052914722,0.6629561432875795,0.7128540957424452,0.6890693003013058,0.7169204177699323,0.6692641798671439,0.7185093739537998,4.408465139332653,0.04152215849322078,0.020434897862301866,0.01005540027030596
52,52.76491403579712,0.19695568084716797,0.6718335138614866,0.7181559847361656,0.1,"(100, 25, 100)",10,"{'NN__alpha': 0.1, 'pca__n_components': 10, 'NN__hidden_layer_sizes': (100, 25, 100)}",33,0.678021426180114,0.7433383768335224,0.691747572815534,0.7351873450174421,0.6853029795781721,0.7235767872903796,0.6357549380649481,0.6507087168494936,0.6683273718276277,0.7379686976899901,12.38170571316167,0.04721710017232054,0.019655330001364463,0.03433739286863397
53,55.89965434074402,0.29463510513305663,0.6848499091966747,0.7092095690271117,0.1,"(100, 25, 100)",11,"{'NN__alpha': 0.1, 'pca__n_components': 11, 'NN__hidden_layer_sizes': (100, 25, 100)}",13,0.6877301640441916,0.6999669020300089,0.6828757951121527,0.7192661707224813,0.6987780381653834,0.7138864371874081,0.6554235018413124,0.6501019207329887,0.6994975302333507,0.7628264144626716,15.308550637234106,0.06877545729519119,0.016042532107328134,0.03626821039971481
54,52.92316470146179,0.18918132781982422,0.6783158311441321,0.705294515773257,0.1,"(100, 25, 100)",12,"{'NN__alpha': 0.1, 'pca__n_components': 12, 'NN__hidden_layer_sizes': (100, 25, 100)}",26,0.6667224640107131,0.6876681166729711,0.7038834951456311,0.7316463875929895,0.6912453967191162,0.7196102845374691,0.6740040174087714,0.665941663514479,0.6556378811105436,0.7216061265483763,2.315404170479481,0.07458252503907607,0.017247290430661456,0.024595804341134106
55,22.10896234512329,0.10945920944213867,0.6065262905592155,0.6066939240315538,0.01,"(50, 50)",2,"{'NN__alpha': 0.01, 'pca__n_components': 2, 'NN__hidden_layer_sizes': (50, 50)}",149,0.6147472380314698,0.5936620014289918,0.5692166052895882,0.5718541167570295,0.6581017743555407,0.6686131425209095,0.6061265483762973,0.6243905770604798,0.5843553057400787,0.5749497823903582,3.9843255544125418,0.04247835707970768,0.030374239799954152,0.036162120659442035
56,20.345567321777345,0.07999529838562011,0.5491668090154633,0.5280786365737822,0.01,"(50, 50)",3,"{'NN__alpha': 0.01, 'pca__n_components': 3, 'NN__hidden_layer_sizes': (50, 50)}",213,0.6368429862738534,0.5586858529819694,0.6026113157013726,0.5805935569285083,0.5061935051891531,0.4997373176984828,0.5,0.5013764552599504,0.5000000000000002,0.5,1.332988148184524,0.02621957268930012,0.05870055841865786,0.03463889498951005
57,17.070713233947753,0.0782351016998291,0.5195159565598007,0.5121537847266002,0.01,"(50, 50)",4,"{'NN__alpha': 0.01, 'pca__n_components': 4, 'NN__hidden_layer_sizes': (50, 50)}",217,0.5258620689655173,0.5096089185895011,0.5716437897556076,0.5508158912285126,0.5,0.49939320388349506,0.5,0.502164502164502,0.5000000000000002,0.4987864077669903,1.7068487186523424,0.011866249158937752,0.027934619966144093,0.01971060516148675
58,34.17808556556702,0.1224602222442627,0.6212292681006207,0.6296667594206932,0.01,"(50, 50)",5,"{'NN__alpha': 0.01, 'pca__n_components': 5, 'NN__hidden_layer_sizes': (50, 50)}",122,0.6766822899229997,0.6951939646114405,0.6817877469032474,0.7127726642289749,0.6295614328757951,0.6303587189509519,0.5851188483428188,0.606304900601017,0.5326605348322264,0.5037035487110815,17.98794816776351,0.018492001004116687,0.056466873206681416,0.07431472497680323
59,27.827631378173827,0.08239073753356933,0.6598594496942248,0.6788296180997888,0.01,"(50, 50)",6,"{'NN__alpha': 0.01, 'pca__n_components': 6, 'NN__hidden_layer_sizes': (50, 50)}",54,0.6901573485102109,0.6882749127894758,0.6596919986608637,0.6666298911444543,0.6713257448945432,0.6867172067414785,0.6642952795446938,0.693210713234985,0.6136518480667691,0.6593153665885504,6.17538055667954,0.01685487931414548,0.025292770547549255,0.013325786231751522
60,25.085208034515382,0.09433741569519043,0.5973475840475855,0.6214461983168043,0.01,"(50, 50)",7,"{'NN__alpha': 0.01, 'pca__n_components': 7, 'NN__hidden_layer_sizes': (50, 50)}",158,0.5641111483093405,0.5523735972765099,0.7017073987278206,0.7242019711679907,0.5,0.5108225108225108,0.6112320053565451,0.6569395410414828,0.6097342871742465,0.6628933712755274,9.220990155123589,0.026461267128679647,0.06608229909650863,0.07816011620717203
61,36.975299167633054,0.09460916519165039,0.6817962263807145,0.6837211973385392,0.01,"(50, 50)",8,"{'NN__alpha': 0.01, 'pca__n_components': 8, 'NN__hidden_layer_sizes': (50, 50)}",23,0.696350853699364,0.6845527045769764,0.6755942417140944,0.6919971210019753,0.6861399397388684,0.6796983356449375,0.6408603950451959,0.6780591980834699,0.7101430761369446,0.6842986273853365,6.648616927401701,0.01096956798121844,0.02344138870368328,0.00485298658559432
62,30.347659397125245,0.09305996894836426,0.6444743423301914,0.6712907085103268,0.01,"(50, 50)",9,"{'NN__alpha': 0.01, 'pca__n_components': 9, 'NN__hidden_layer_sizes': (50, 50)}",96,0.6801975225979243,0.6776336527550121,0.703883495145631,0.7158066448114991,0.6134081017743556,0.6256041692934897,0.6198526950117174,0.6593667255075022,0.6048799182422078,0.6780423501841312,4.459207204436147,0.018028624420452628,0.0398615822340492,0.0293152773413997
63,34.27144980430603,0.14458098411560058,0.6522406664642637,0.6735312798461444,0.01,"(50, 50)",10,"{'NN__alpha': 0.01, 'pca__n_components': 10, 'NN__hidden_layer_sizes': (50, 50)}",74,0.6853029795781721,0.7203983314420207,0.6966019417475728,0.6907835287689658,0.615835286240375,0.5945314798470138,0.5864579845999331,0.6237023494305047,0.6770993016521889,0.7382407097422163,11.411490418659076,0.05268548174517258,0.043212119389425784,0.05550740786945372
64,28.17324562072754,0.11941137313842773,0.6145289980785239,0.6441811884689354,0.01,"(50, 50)",11,"{'NN__alpha': 0.01, 'pca__n_components': 11, 'NN__hidden_layer_sizes': (50, 50)}",141,0.6914964847673252,0.7164134409280041,0.6214429193170405,0.6368522254444585,0.5913123535319719,0.5806749884419787,0.5236859725477067,0.6129612701214643,0.6448220064724922,0.6740040174087714,7.082080150663318,0.04591264328452511,0.05601667679939935,0.047261683981394687
65,27.432699346542357,0.10387649536132812,0.6197304634052582,0.6511072511909471,0.01,"(50, 50)",12,"{'NN__alpha': 0.01, 'pca__n_components': 12, 'NN__hidden_layer_sizes': (50, 50)}",130,0.6877301640441915,0.6971956037490018,0.6645463675929026,0.6913088933720002,0.5579176431201874,0.5650979279620056,0.6088048208905257,0.6736487622409953,0.5795009368080398,0.6282850686307332,5.180382279405464,0.03123820878968392,0.049384494344109096,0.0493292685838756
66,9.106459617614746,0.03772172927856445,0.6571444684010186,0.6625545292225908,0.01,"(50,)",2,"{'NN__alpha': 0.01, 'pca__n_components': 2, 'NN__hidden_layer_sizes': (50,)}",58,0.6981921660528961,0.6433536124070105,0.6413625711416138,0.6727425083007608,0.6605289588215602,0.6686131425209095,0.6567626380984266,0.6683504602193924,0.6287685232498725,0.6597129226648812,2.639940378516289,0.01562995303440188,0.02345126780202871,0.01049613703514899
67,6.793345403671265,0.03791136741638183,0.5703021409370332,0.5648500826815188,0.01,"(50,)",3,"{'NN__alpha': 0.01, 'pca__n_components': 3, 'NN__hidden_layer_sizes': (50,)}",189,0.7049715433545365,0.6684502794939688,0.49271844660194175,0.4884708737864077,0.5,0.4981796116504854,0.49757281553398053,0.4981796116504854,0.6565746891500599,0.670970036826247,3.632869638915611,0.020822255925148116,0.09146963973643153,0.08569496182821992
68,7.643587303161621,0.032129669189453126,0.6654267559924681,0.6798237166248549,0.01,"(50,)",4,"{'NN__alpha': 0.01, 'pca__n_components': 4, 'NN__hidden_layer_sizes': (50,)}",43,0.6335788416471377,0.6592485184718194,0.6586039504519586,0.6739561005337704,0.6911617007030466,0.7076004497121003,0.6968530297957818,0.7033712646576724,0.6468659512859823,0.6549422497489119,2.540448351318246,0.009369190381628928,0.024723479789843458,0.02192208480453262
69,9.602525901794433,0.0670396327972412,0.662301529185649,0.6727597909845985,0.01,"(50,)",5,"{'NN__alpha': 0.01, 'pca__n_components': 5, 'NN__hidden_layer_sizes': (50,)}",47,0.6877301640441916,0.6667927541713949,0.7116672246401072,0.7040148362963897,0.6702376966856378,0.6497394191568948,0.6139102778707735,0.6757134451309209,0.6278317152103562,0.667538500167392,0.8970721326579582,0.022641792791950246,0.03654315009942256,0.01776742443615233
70,8.033596849441528,0.057605552673339847,0.6543485853005444,0.6585273921480818,0.01,"(50,)",6,"{'NN__alpha': 0.01, 'pca__n_components': 6, 'NN__hidden_layer_sizes': (50,)}",63,0.714931369266823,0.6811562224183584,0.7178607298292601,0.6861734543773378,0.6497321727485772,0.6452107762787375,0.6031134917977905,0.6595742445257008,0.5858456821665818,0.6205222631402746,1.3700017906408073,0.04768169874440701,0.05483917626149449,0.024079811897924575
71,7.446349000930786,0.055849981307983396,0.576101662685153,0.5939071111903385,0.01,"(50,)",7,"{'NN__alpha': 0.01, 'pca__n_components': 7, 'NN__hidden_layer_sizes': (50,)}",185,0.5,0.5074444164249989,0.5692166052895882,0.5742813012230488,0.6072145965852026,0.6162579330055058,0.6333277535989287,0.6608430000420291,0.5707290069834783,0.6107089052561098,1.2292709364056718,0.02551602623021532,0.04498472753140253,0.051231323892642615
72,8.997479343414307,0.06337270736694336,0.6532323946221149,0.6677306205679155,0.01,"(50,)",8,"{'NN__alpha': 0.01, 'pca__n_components': 8, 'NN__hidden_layer_sizes': (50,)}",67,0.6976899899564781,0.6808935401168411,0.6421995313023101,0.6787474257134452,0.6616170070304654,0.6731233976379608,0.673167057248075,0.6706778254108352,0.5912536194856075,0.6352109139604956,2.5208580364707087,0.011332942746113588,0.03577026396226503,0.01667292311151266
73,11.432836198806763,0.05165753364562988,0.649910648104553,0.6843819429649693,0.01,"(50,)",9,"{'NN__alpha': 0.01, 'pca__n_components': 9, 'NN__hidden_layer_sizes': (50,)}",79,0.6521593572145966,0.6753693313159332,0.6976899899564781,0.6997042197284915,0.640860395045196,0.6837646576724247,0.6381821225309675,0.6791913588030093,0.620550161812298,0.6838801473049883,1.1313688754118576,0.029703025445699065,0.025956550260918393,0.008289443140687688
74,8.171053314208985,0.0391909122467041,0.6199591009319918,0.6225211848747169,0.01,"(50,)",10,"{'NN__alpha': 0.01, 'pca__n_components': 10, 'NN__hidden_layer_sizes': (50,)}",126,0.6247070639437563,0.651840877569033,0.6629561432875795,0.6385911822805026,0.5579176431201874,0.5594738998865212,0.5899732172748577,0.5944500483335434,0.6644098109351051,0.6682499163039839,1.4739447684930946,0.02657561274999238,0.04145956284804531,0.039929825758540684
75,8.709864568710326,0.03362040519714356,0.5972914104315968,0.6179975239022779,0.01,"(50,)",11,"{'NN__alpha': 0.01, 'pca__n_components': 11, 'NN__hidden_layer_sizes': (50,)}",160,0.5112989621694007,0.5559145547009624,0.6222798794777369,0.6013691001555079,0.628222296618681,0.6522664228974909,0.6419484432541012,0.6531359013155131,0.5826520183955035,0.627301640441915,2.5303476466421273,0.007004265399889678,0.04731188835833339,0.036404475360361545
76,5.04582257270813,0.02887554168701172,0.5849376021558842,0.5869692187067479,0.01,"(50,)",12,"{'NN__alpha': 0.01, 'pca__n_components': 12, 'NN__hidden_layer_sizes': (50,)}",173,0.6123200535654503,0.5733120035304501,0.5621861399397389,0.5926112722229226,0.5568295949112823,0.5739187996469549,0.5608470036826247,0.5916603622914303,0.6326860841423951,0.6033436558419819,1.3907522245933144,0.020444512155258814,0.03134596631004101,0.011651564285666747
77,1.574568796157837,0.0074350833892822266,0.6824964439741031,0.6764612382372678,0.01,"(25,)",2,"{'NN__alpha': 0.01, 'pca__n_components': 2, 'NN__hidden_layer_sizes': (25,)}",19,0.7017073987278206,0.6658050687176901,0.6798627385336458,0.6941248476442652,0.6863910277870774,0.674925398226369,0.6791094743890191,0.6771713319043416,0.6653466189746213,0.6702795446936726,0.473591108364294,0.00963861779612628,0.011799714840325447,0.009660573675874192
78,1.3299229145050049,0.010571527481079101,0.7005591414420081,0.6882504923934454,0.01,"(25,)",3,"{'NN__alpha': 0.01, 'pca__n_components': 3, 'NN__hidden_layer_sizes': (25,)}",1,0.7359390693003014,0.6696454839658722,0.6922497489119519,0.690484070945236,0.7060595915634417,0.6563957886773422,0.7170237696685638,0.7357205900895222,0.6513370805654917,0.6890065282892535,0.2238427766057589,0.012315397137326975,0.028421181909543587,0.026906650204470396
79,1.4706007957458496,0.012032175064086914,0.698200329372873,0.6976130512161648,0.01,"(25,)",4,"{'NN__alpha': 0.01, 'pca__n_components': 4, 'NN__hidden_layer_sizes': (25,)}",6,0.7267325075326415,0.6944137981759341,0.6699029126213593,0.7075557937208422,0.7019584867760296,0.679036376245114,0.7366086374288585,0.7429732484344135,0.6556378811105436,0.6640860395045197,0.3442337585563193,0.008610255883934088,0.03134508743264093,0.026965882917127003
80,0.9761184692382813,0.005204296112060547,0.6283263391503953,0.6385457291843298,0.01,"(25,)",5,"{'NN__alpha': 0.01, 'pca__n_components': 5, 'NN__hidden_layer_sizes': (25,)}",114,0.629812520924004,0.6256672130458538,0.6437897556076332,0.6220264363468246,0.5926514897890861,0.6146818391964023,0.617425510545698,0.6528548312528895,0.6580650655765631,0.6774983260796787,0.16066701845901413,0.0033528782674932286,0.02243121357813583,0.023367856838127664
81,1.148337459564209,0.005683755874633789,0.6529479597513348,0.6620878242948882,0.01,"(25,)",6,"{'NN__alpha': 0.01, 'pca__n_components': 6, 'NN__hidden_layer_sizes': (25,)}",71,0.6605289588215602,0.6649907535829865,0.6149983260796786,0.6411812297734628,0.6823736190157349,0.6675808010759468,0.6532474054235019,0.6755505821039801,0.6535939362970536,0.661135754938065,0.26788102588621593,0.006372300702196326,0.021752302505528356,0.011470290063801425
82,1.0613877296447753,0.008426427841186523,0.5510756644090841,0.5689280533103767,0.01,"(25,)",7,"{'NN__alpha': 0.01, 'pca__n_components': 7, 'NN__hidden_layer_sizes': (25,)}",209,0.49891195179109477,0.508132644054974,0.5013391362571141,0.500425545328458,0.5320555741546702,0.5350575799604925,0.6271342484097757,0.6532173328289832,0.5961079884176463,0.6478071643789756,0.31594024716865887,0.005184381803519789,0.05171422640598956,0.06762023536786615
83,0.8883265018463135,0.010607481002807617,0.5797160563756184,0.5791594927224322,0.01,"(25,)",8,"{'NN__alpha': 0.01, 'pca__n_components': 8, 'NN__hidden_layer_sizes': (25,)}",180,0.6309005691329094,0.651840877569033,0.5975058587211249,0.5539313033245072,0.5210077000334783,0.5106412600344639,0.5148141948443253,0.5078699617534569,0.6345597002214276,0.6715140609306997,0.34024258124790313,0.00976936792821526,0.05215743605557475,0.06960654703246218
84,1.0571150302886962,0.003721284866333008,0.6474198347172282,0.6658842176125404,0.01,"(25,)",9,"{'NN__alpha': 0.01, 'pca__n_components': 9, 'NN__hidden_layer_sizes': (25,)}",85,0.6402745229327085,0.643634682469634,0.6833779712085705,0.7039334047829194,0.6826247070639437,0.652329466649855,0.5772514228322733,0.6770084688774008,0.6535939362970536,0.6525150652828926,0.17614484618100426,0.0033515433037064747,0.0388605906030895,0.022040857207828658
85,0.8809835910797119,0.01112833023071289,0.5905903511290058,0.6092424677208742,0.01,"(25,)",10,"{'NN__alpha': 0.01, 'pca__n_components': 10, 'NN__hidden_layer_sizes': (25,)}",169,0.5902243053230667,0.5983351195729837,0.5487110813525277,0.5890335392762577,0.5880482089052562,0.5803755306182491,0.6031134917977905,0.6009698230572017,0.6229773462783175,0.6774983260796786,0.15735413860484773,0.012302400501753798,0.024349492287796662,0.034894039434305676
86,0.8400846481323242,0.004341745376586914,0.5619714255880979,0.5698964814339772,0.01,"(25,)",11,"{'NN__alpha': 0.01, 'pca__n_components': 11, 'NN__hidden_layer_sizes': (25,)}",194,0.5296283896886509,0.5573908292354893,0.5382490793438232,0.5445850670365233,0.6319886173418146,0.6246532593619972,0.5950786742551054,0.5887262009834825,0.5147334355305742,0.5341270505523937,0.24216787915108373,0.006511326681280715,0.044357066863061845,0.03295261533982722
87,1.2553380966186523,0.005294227600097656,0.6456474836595673,0.6750464857093583,0.01,"(25,)",12,"{'NN__alpha': 0.01, 'pca__n_components': 12, 'NN__hidden_layer_sizes': (25,)}",90,0.6227820555741548,0.6955196906653217,0.7054737194509543,0.7333669566679276,0.6828757951121528,0.6931923254738789,0.6397723468362905,0.6848784306308578,0.5770737523420203,0.5682750251088049,0.2696595277052882,0.0034760570665972566,0.045199012857696674,0.05594016963591154
88,1.2855535984039306,0.005790042877197266,0.6199435613460706,0.6190344849325432,0.01,"(25, 25)",2,"{'NN__alpha': 0.01, 'pca__n_components': 2, 'NN__hidden_layer_sizes': (25, 25)}",129,0.6718279209909609,0.6884377758164166,0.5581687311683964,0.5613757197495062,0.6704887847338467,0.6725980330349262,0.6987780381653833,0.672760896061867,0.5000000000000002,0.5,0.3474486718599869,0.006360050877953431,0.07698340492013027,0.07492147826792184
89,1.178974485397339,0.003969383239746094,0.5802913194005044,0.5864367163915205,0.01,"(25, 25)",3,"{'NN__alpha': 0.01, 'pca__n_components': 3, 'NN__hidden_layer_sizes': (25, 25)}",179,0.6198526950117175,0.5900212247299625,0.544944760629394,0.5868874248728617,0.6171744224974892,0.6049914890934308,0.5914797455641111,0.6005889337200018,0.5278061659001876,0.5496945095413458,0.18380917504455713,0.00332773448453757,0.03754896365044607,0.01953256996770604
90,1.4062660694122315,0.007577180862426758,0.6372550819767205,0.6526723123433871,0.01,"(25, 25)",4,"{'NN__alpha': 0.01, 'pca__n_components': 4, 'NN__hidden_layer_sizes': (25, 25)}",102,0.7098259122865752,0.7016874711049469,0.6262972882490793,0.6593667255075023,0.5778372949447607,0.5729678897154626,0.605038500167392,0.6573650863699407,0.6673905637881113,0.6719743890190828,0.3235043003327125,0.007854387687732547,0.04662171339638262,0.04288283627406732
91,1.185139799118042,0.00895066261291504,0.6143073694516371,0.6258320326030402,0.01,"(25, 25)",5,"{'NN__alpha': 0.01, 'pca__n_components': 5, 'NN__hidden_layer_sizes': (25, 25)}",144,0.6395212587880817,0.6404115706300172,0.5888851690659525,0.5563584877905265,0.6257951121526616,0.6452475518009498,0.598844994978239,0.6492324423149666,0.6185062169988079,0.6379101104787412,0.22062384252255637,0.007014047081860176,0.01828612525254787,0.03495585182334519
92,1.5890115261077882,0.0042740821838378905,0.6367905820566706,0.6383771596108387,0.01,"(25, 25)",6,"{'NN__alpha': 0.01, 'pca__n_components': 6, 'NN__hidden_layer_sizes': (25, 25)}",107,0.6567626380984266,0.6398047745135123,0.6596919986608638,0.6984906274954819,0.6182624707063945,0.6097644265119992,0.5616839638433211,0.5542754171394948,0.687744847555783,0.6895505523937061,0.20368401253913423,0.003890309622966601,0.043592094402022594,0.053152939366397534
93,1.2532869338989259,0.009180164337158203,0.5987588988369996,0.6214276475115108,0.01,"(25, 25)",7,"{'NN__alpha': 0.01, 'pca__n_components': 7, 'NN__hidden_layer_sizes': (25, 25)}",153,0.636006026113157,0.6675808010759466,0.7224640107130902,0.6991788551254571,0.5086206896551725,0.5186110410624972,0.5309675259457649,0.5647538141470181,0.595724748765117,0.6570137261466354,0.1052007588783145,0.007234496972480022,0.07673636190294895,0.06815410598329683
94,1.4740572929382325,0.008577060699462891,0.6673954530968987,0.6828396174186265,0.01,"(25, 25)",8,"{'NN__alpha': 0.01, 'pca__n_components': 8, 'NN__hidden_layer_sizes': (25, 25)}",39,0.6594409106126549,0.693636258563443,0.691747572815534,0.7115590719959652,0.652996317375293,0.6609244315554994,0.6888182122530968,0.6789286765014921,0.643885198432976,0.6691496484767325,0.18752075031780993,0.005302883869684275,0.019362999591428037,0.01802420933706947
95,1.3644017219543456,0.012129878997802735,0.5512721674213681,0.5776695224761847,0.01,"(25, 25)",9,"{'NN__alpha': 0.01, 'pca__n_components': 9, 'NN__hidden_layer_sizes': (25, 25)}",205,0.5654502845664545,0.5638843357289959,0.4951456310679611,0.5213823393435044,0.5015902243053231,0.5359086706174084,0.6370940743220623,0.6872425713445132,0.5571027082268781,0.5799296953465016,0.404362425649668,0.008613243752442904,0.05143693325233558,0.05850403153004454
96,0.8137630939483642,0.00863337516784668,0.5550846972334051,0.5727460590408364,0.01,"(25, 25)",10,"{'NN__alpha': 0.01, 'pca__n_components': 10, 'NN__hidden_layer_sizes': (25, 25)}",201,0.5468697689989956,0.5770525995040557,0.5,0.5,0.5344827586206897,0.525974025974026,0.6271342484097757,0.637377590047493,0.5669817748254132,0.6233260796786073,0.2783512570371701,0.005141251055341487,0.04210726047072036,0.05335490935596976
97,1.0744965076446533,0.004036712646484375,0.6397206417279235,0.667128987517337,0.01,"(25, 25)",11,"{'NN__alpha': 0.01, 'pca__n_components': 11, 'NN__hidden_layer_sizes': (25, 25)}",98,0.6925845329762305,0.6785845626865044,0.6446267157683295,0.6713030092884462,0.609892869099431,0.6622194553019796,0.6109809173083361,0.6056981044845122,0.6405212059274402,0.7178398058252429,0.33229194698308473,0.0034406087109432196,0.030127744691812054,0.03610566894665105
98,1.5288376808166504,0.005897140502929688,0.6249533406093195,0.6525485255732996,0.01,"(25, 25)",12,"{'NN__alpha': 0.01, 'pca__n_components': 12, 'NN__hidden_layer_sizes': (25, 25)}",118,0.6397723468362907,0.6656789812129618,0.7003682624707064,0.6845527045769765,0.5,0.5219891354600092,0.6815366588550386,0.6945057369814651,0.6030063021631753,0.6960160696350854,0.7197043813111162,0.006427663992972768,0.0710224998132602,0.06616988085476905
99,44.1188464641571,0.1302790641784668,0.6206465942996422,0.6221055308936126,0.01,"(100, 25, 100)",2,"{'NN__alpha': 0.01, 'pca__n_components': 2, 'NN__hidden_layer_sizes': (100, 25, 100)}",123,0.5,0.5,0.6868932038834951,0.7099015466733914,0.5,0.5,0.7394543019752261,0.6964706005968142,0.6770993016521889,0.7041555071978574,13.412415404251217,0.03728442415914735,0.10082502571079825,0.09978980302607506
100,39.94502673149109,0.16389365196228028,0.5554651315448269,0.5604487591975038,0.01,"(100, 25, 100)",3,"{'NN__alpha': 0.01, 'pca__n_components': 3, 'NN__hidden_layer_sizes': (100, 25, 100)}",197,0.5086206896551725,0.5129870129870129,0.5,0.5021645021645021,0.5517241379310345,0.551766801160005,0.5,0.512987012987013,0.7175949582694604,0.7223384666889857,9.398628970498203,0.0291398859771056,0.0831551116292511,0.08268729420126113
101,55.663681745529175,0.11484351158142089,0.6600303138926,0.6638738284369352,0.01,"(100, 25, 100)",4,"{'NN__alpha': 0.01, 'pca__n_components': 4, 'NN__hidden_layer_sizes': (100, 25, 100)}",53,0.6804486106461333,0.6858477283234565,0.685554067626381,0.7014247888034296,0.6220287914295279,0.6091576303954944,0.6443756277201206,0.6603176354389946,0.6677738034406406,0.662621359223301,10.413653234016065,0.060443807917534814,0.023746259436192158,0.03130816001156493
102,47.9770646572113,0.16759176254272462,0.6381086225939476,0.6493770625089674,0.01,"(100, 25, 100)",5,"{'NN__alpha': 0.01, 'pca__n_components': 5, 'NN__hidden_layer_sizes': (100, 25, 100)}",101,0.6890693003013058,0.6994415374269743,0.6782725142283228,0.7021130164334047,0.6306494810847004,0.6125357247930063,0.5875460328088383,0.6000740764090278,0.6048799182422078,0.6327209574824239,14.269432439214892,0.008650034491899038,0.03982038136055643,0.043250495772565914
103,39.622632074356076,0.15172533988952636,0.5956105557968076,0.6050669604360598,0.01,"(100, 25, 100)",6,"{'NN__alpha': 0.01, 'pca__n_components': 6, 'NN__hidden_layer_sizes': (100, 25, 100)}",166,0.6914964847673252,0.7162321901399571,0.6160863742885838,0.6031894885050225,0.5,0.5,0.5,0.5,0.670754556293647,0.7059131235353198,9.535993547034753,0.05286757376052637,0.08191065082746404,0.09445561302364168
104,53.64146380424499,0.18733463287353516,0.6371458785079528,0.6718765806228143,0.01,"(100, 25, 100)",7,"{'NN__alpha': 0.01, 'pca__n_components': 7, 'NN__hidden_layer_sizes': (100, 25, 100)}",104,0.6842149313692669,0.6987349220358929,0.6893203883495145,0.7326787290379523,0.6605289588215602,0.7190849199344345,0.5,0.5,0.6517203202180211,0.7088843321057918,15.980012740222307,0.061234675071350664,0.0700337403048602,0.0866695237004746
105,57.11756081581116,0.14242472648620605,0.6834997007480299,0.7112789983144855,0.01,"(100, 25, 100)",8,"{'NN__alpha': 0.01, 'pca__n_components': 8, 'NN__hidden_layer_sizes': (100, 25, 100)}",17,0.6683126883160362,0.7092947505568865,0.6906595246066287,0.7330228428529401,0.6605289588215602,0.7026383810364393,0.720873786407767,0.7008179926869247,0.6770993016521889,0.7106210244392367,3.418668144007449,0.032751717086863925,0.021208014226649335,0.011500068258771829
106,68.97317609786987,0.18112430572509766,0.691268233531609,0.7212030813177448,0.01,"(100, 25, 100)",9,"{'NN__alpha': 0.01, 'pca__n_components': 9, 'NN__hidden_layer_sizes': (100, 25, 100)}",9,0.7235520589219954,0.7007365611734544,0.7114161365918983,0.7474046988610095,0.6605289588215602,0.7165763039549448,0.6914964847673252,0.7184781238179296,0.6692641798671439,0.722819718781386,10.295912966123032,0.05381868673021717,0.0239902601245058,0.01507878766698255
107,49.34661226272583,0.2521378993988037,0.6774938138777562,0.7156906298143325,0.01,"(100, 25, 100)",10,"{'NN__alpha': 0.01, 'pca__n_components': 10, 'NN__hidden_layer_sizes': (100, 25, 100)}",27,0.7014563106796118,0.7079997268104063,0.691747572815534,0.7395163493464465,0.6877301640441915,0.7235767872903796,0.6357549380649481,0.654430925061993,0.670754556293647,0.7529293605624373,13.4214922694722,0.03675981364204925,0.023115176741409556,0.034142293051432356
108,59.521947908401486,0.20248703956604003,0.6804341041382073,0.7152739069880015,0.01,"(100, 25, 100)",11,"{'NN__alpha': 0.01, 'pca__n_components': 11, 'NN__hidden_layer_sizes': (100, 25, 100)}",24,0.6853029795781721,0.6978023998655067,0.6904084365584198,0.7461911066279998,0.6963508536993639,0.7207240574959022,0.652996317375293,0.649495124616484,0.677099301652189,0.7621568463341146,20.098394883309307,0.048146505713209206,0.01510835349987357,0.03953653790427395
109,50.51109132766724,0.23979058265686035,0.6674289401865252,0.693678704400164,0.01,"(100, 25, 100)",12,"{'NN__alpha': 0.01, 'pca__n_components': 12, 'NN__hidden_layer_sizes': (100, 25, 100)}",38,0.6209407432206228,0.628031353759509,0.7038834951456311,0.7344176858739965,0.6850518915299632,0.716838986256462,0.6740040174087714,0.6674993695624764,0.6532106966445241,0.7216061265483763,1.9292224780315514,0.04890082512988173,0.028454689300662885,0.03992727487248225
110,21.290783071517943,0.09479231834411621,0.6065262905592155,0.6066939240315538,0.001,"(50, 50)",2,"{'NN__alpha': 0.001, 'pca__n_components': 2, 'NN__hidden_layer_sizes': (50, 50)}",149,0.6147472380314698,0.5936620014289918,0.5692166052895882,0.5718541167570295,0.6581017743555407,0.6686131425209095,0.6061265483762973,0.6243905770604798,0.5843553057400787,0.5749497823903582,5.108985397060895,0.025050399492843132,0.030374239799954152,0.036162120659442035
111,19.17009243965149,0.0932703971862793,0.5491668090154633,0.5285115370066826,0.001,"(50, 50)",3,"{'NN__alpha': 0.001, 'pca__n_components': 3, 'NN__hidden_layer_sizes': (50, 50)}",213,0.6368429862738534,0.5586858529819694,0.6026113157013726,0.5805935569285083,0.5061935051891531,0.4997373176984828,0.5,0.5035409574244525,0.5000000000000002,0.5,1.8245943988807418,0.008938646517100236,0.05870055841865786,0.034314485068746695
112,16.28707504272461,0.09718117713928223,0.5195159565598007,0.5121537847266002,0.001,"(50, 50)",4,"{'NN__alpha': 0.001, 'pca__n_components': 4, 'NN__hidden_layer_sizes': (50, 50)}",217,0.5258620689655173,0.5096089185895011,0.5716437897556076,0.5508158912285126,0.5,0.49939320388349506,0.5,0.502164502164502,0.5000000000000002,0.4987864077669903,1.1013155470732607,0.03927919694253217,0.027934619966144093,0.01971060516148675
113,26.814010190963746,0.10875792503356933,0.6190180180869782,0.6283155216616884,0.001,"(50, 50)",5,"{'NN__alpha': 0.001, 'pca__n_components': 5, 'NN__hidden_layer_sizes': (50, 50)}",134,0.6766822899229997,0.6951939646114405,0.6707398727820556,0.7060164754339512,0.6295614328757951,0.6303587189509519,0.5851188483428188,0.606304900601017,0.5326605348322264,0.5037035487110815,6.36894781647481,0.015108760387868998,0.0542238681833087,0.07283810849518907
114,27.27933187484741,0.111883544921875,0.6598594496942248,0.6785180768901894,0.001,"(50, 50)",6,"{'NN__alpha': 0.001, 'pca__n_components': 6, 'NN__hidden_layer_sizes': (50, 50)}",54,0.6901573485102109,0.6867172067414785,0.6596919986608637,0.6666298911444543,0.6713257448945432,0.6867172067414785,0.6642952795446938,0.693210713234985,0.6136518480667691,0.6593153665885504,5.076510021726144,0.028320446031511647,0.025292770547549255,0.013117911927214492
115,24.02063641548157,0.09654726982116699,0.5973475840475855,0.6213248390935033,0.001,"(50, 50)",7,"{'NN__alpha': 0.001, 'pca__n_components': 7, 'NN__hidden_layer_sizes': (50, 50)}",158,0.5641111483093405,0.5523735972765099,0.7017073987278206,0.7235951750514857,0.5,0.5108225108225108,0.6112320053565451,0.6569395410414828,0.6097342871742465,0.6628933712755274,9.565221468452554,0.02480702027873949,0.06608229909650863,0.07800078176657675
116,39.91924366950989,0.08669333457946778,0.6850293419309647,0.6888109296127375,0.001,"(50, 50)",8,"{'NN__alpha': 0.001, 'pca__n_components': 8, 'NN__hidden_layer_sizes': (50, 50)}",12,0.696350853699364,0.6845527045769764,0.673167057248075,0.6929480309334679,0.6861399397388684,0.6796983356449375,0.6594409106126549,0.702556949522969,0.7101430761369446,0.6842986273853365,6.074854727924921,0.03883711710688312,0.01763167526870057,0.008094459727233742
117,33.51452164649963,0.09781255722045898,0.6545951491796018,0.6811082511952951,0.001,"(50, 50)",9,"{'NN__alpha': 0.001, 'pca__n_components': 9, 'NN__hidden_layer_sizes': (50, 50)}",62,0.6801975225979243,0.6776336527550121,0.703883495145631,0.7158066448114991,0.6134081017743556,0.6256041692934897,0.6198526950117174,0.6593667255075022,0.6556378811105436,0.7271300636089724,5.863809749099754,0.022727694759994827,0.034623279858536166,0.037114567540795146
118,34.860317182540896,0.11090760231018067,0.6522406664642637,0.6736526390694453,0.001,"(50, 50)",10,"{'NN__alpha': 0.001, 'pca__n_components': 10, 'NN__hidden_layer_sizes': (50, 50)}",74,0.6853029795781721,0.7203983314420207,0.6966019417475728,0.6907835287689658,0.615835286240375,0.5945314798470138,0.5864579845999331,0.6237023494305047,0.677099301652189,0.7388475058587212,12.134553893526098,0.007061667032886593,0.043212119389425804,0.055649235510787425
119,27.347933626174928,0.10264348983764648,0.6145289980785239,0.6437482880360349,0.001,"(50, 50)",11,"{'NN__alpha': 0.001, 'pca__n_components': 11, 'NN__hidden_layer_sizes': (50, 50)}",141,0.6914964847673252,0.7164134409280041,0.6214429193170405,0.6368522254444585,0.5913123535319719,0.5785104862774765,0.5236859725477067,0.6129612701214643,0.6448220064724922,0.6740040174087714,7.560589471148428,0.023128632480929015,0.05601667679939935,0.04784767608634201
120,27.347841358184816,0.10438833236694336,0.6214559084916612,0.6506743507580468,0.001,"(50, 50)",12,"{'NN__alpha': 0.001, 'pca__n_components': 12, 'NN__hidden_layer_sizes': (50, 50)}",121,0.6963508536993639,0.6950311015844995,0.6645463675929026,0.6913088933720002,0.5579176431201874,0.5650979279620056,0.6088048208905257,0.6736487622409953,0.5795009368080398,0.6282850686307332,6.089217585675149,0.026991641299819596,0.05182070190737205,0.04893079822168505
121,8.704835176467896,0.07042756080627441,0.6571444684010186,0.6624331699992898,0.001,"(50,)",2,"{'NN__alpha': 0.001, 'pca__n_components': 2, 'NN__hidden_layer_sizes': (50,)}",58,0.6981921660528961,0.6433536124070105,0.6413625711416138,0.6727425083007608,0.6605289588215602,0.6686131425209095,0.6567626380984266,0.6683504602193924,0.6287685232498725,0.6591061265483763,3.0680070745178964,0.09146628857826787,0.02345126780202871,0.010531738471614663
122,6.925544500350952,0.02833094596862793,0.5703021409370332,0.5648500826815188,0.001,"(50,)",3,"{'NN__alpha': 0.001, 'pca__n_components': 3, 'NN__hidden_layer_sizes': (50,)}",189,0.7049715433545365,0.6684502794939688,0.49271844660194175,0.4884708737864077,0.5,0.4981796116504854,0.49757281553398053,0.4981796116504854,0.6565746891500599,0.670970036826247,3.5283804084596935,0.01578575021024856,0.09146963973643153,0.08569496182821992
123,7.221228981018067,0.04653091430664062,0.6654267559924681,0.6802566170577553,0.001,"(50,)",4,"{'NN__alpha': 0.001, 'pca__n_components': 4, 'NN__hidden_layer_sizes': (50,)}",43,0.6335788416471377,0.6592485184718194,0.6586039504519586,0.6761206026982725,0.6911617007030466,0.7076004497121003,0.6968530297957818,0.7033712646576724,0.6468659512859823,0.6549422497489119,2.426934245640573,0.0067840611112173115,0.024723479789843458,0.021823089291493396
124,9.902697896957397,0.04469046592712402,0.6610618890264857,0.6741798515066008,0.001,"(50,)",5,"{'NN__alpha': 0.001, 'pca__n_components': 5, 'NN__hidden_layer_sizes': (50,)}",49,0.6877301640441916,0.6667927541713949,0.7116672246401072,0.7040148362963897,0.6640441914964849,0.6568397217669063,0.6139102778707735,0.6757134451309209,0.6278317152103562,0.667538500167392,1.1531489762399019,0.016908523719017847,0.03635748678522089,0.01607379905841519
125,8.132197046279908,0.043707847595214844,0.6543485853005444,0.6585273921480818,0.001,"(50,)",6,"{'NN__alpha': 0.001, 'pca__n_components': 6, 'NN__hidden_layer_sizes': (50,)}",63,0.714931369266823,0.6811562224183584,0.7178607298292601,0.6861734543773378,0.6497321727485772,0.6452107762787375,0.6031134917977905,0.6595742445257008,0.5858456821665818,0.6205222631402746,1.4010958360743653,0.018252797946858402,0.05483917626149449,0.024079811897924575
126,7.2587082862854,0.04640231132507324,0.576101662685153,0.5939071111903385,0.001,"(50,)",7,"{'NN__alpha': 0.001, 'pca__n_components': 7, 'NN__hidden_layer_sizes': (50,)}",185,0.5,0.5074444164249989,0.5692166052895882,0.5742813012230488,0.6072145965852026,0.6162579330055058,0.6333277535989287,0.6608430000420291,0.5707290069834783,0.6107089052561098,1.67832839386462,0.02136652605654407,0.04498472753140253,0.051231323892642615
127,8.736162853240966,0.0411017894744873,0.6532323946221149,0.6672995860851569,0.001,"(50,)",8,"{'NN__alpha': 0.001, 'pca__n_components': 8, 'NN__hidden_layer_sizes': (50,)}",67,0.6976899899564781,0.6808935401168411,0.6421995313023101,0.6787474257134452,0.6616170070304654,0.6731233976379608,0.673167057248075,0.6706778254108352,0.5912536194856075,0.6330557415467025,2.590564097502815,0.02317032656608387,0.03577026396226503,0.017514672643749375
128,11.776845598220826,0.06645503044128417,0.649910648104553,0.6842605837416684,0.001,"(50,)",9,"{'NN__alpha': 0.001, 'pca__n_components': 9, 'NN__hidden_layer_sizes': (50,)}",79,0.6521593572145966,0.6753693313159332,0.6976899899564781,0.6990974236119867,0.640860395045196,0.6837646576724247,0.6381821225309675,0.6791913588030093,0.620550161812298,0.6838801473049883,0.8578566005745052,0.02876683068339683,0.025956550260918393,0.008065654382166897
129,8.009231615066529,0.052274560928344725,0.6199591009319918,0.6220882844418163,0.001,"(50,)",10,"{'NN__alpha': 0.001, 'pca__n_components': 10, 'NN__hidden_layer_sizes': (50,)}",126,0.6247070639437563,0.6496763754045307,0.6629561432875795,0.6385911822805026,0.5579176431201874,0.5594738998865212,0.5899732172748577,0.5944500483335434,0.6644098109351051,0.6682499163039839,1.2490016469200473,0.0071117696651872295,0.04145956284804531,0.03962014110180433
130,8.519293022155761,0.05727639198303223,0.5972914104315968,0.6179975239022779,0.001,"(50,)",11,"{'NN__alpha': 0.001, 'pca__n_components': 11, 'NN__hidden_layer_sizes': (50,)}",160,0.5112989621694007,0.5559145547009624,0.6222798794777369,0.6013691001555079,0.628222296618681,0.6522664228974909,0.6419484432541012,0.6531359013155131,0.5826520183955035,0.627301640441915,2.1800444940904793,0.029646072163656934,0.04731188835833339,0.036404475360361545
131,5.038933372497558,0.024686527252197266,0.5849376021558842,0.5869692187067479,0.001,"(50,)",12,"{'NN__alpha': 0.001, 'pca__n_components': 12, 'NN__hidden_layer_sizes': (50,)}",173,0.6123200535654503,0.5733120035304501,0.5621861399397389,0.5926112722229226,0.5568295949112823,0.5739187996469549,0.5608470036826247,0.5916603622914303,0.6326860841423951,0.6033436558419819,1.2089110047249632,0.01204385754614468,0.03134596631004101,0.011651564285666747
132,1.2237303733825684,0.005246591567993164,0.6824964439741031,0.6764612382372678,0.001,"(25,)",2,"{'NN__alpha': 0.001, 'pca__n_components': 2, 'NN__hidden_layer_sizes': (25,)}",19,0.7017073987278206,0.6658050687176901,0.6798627385336458,0.6941248476442652,0.6863910277870774,0.674925398226369,0.6791094743890191,0.6771713319043416,0.6653466189746213,0.6702795446936726,0.29375956849626045,0.003438127195097603,0.011799714840325447,0.009660573675874192
133,1.3686548709869384,0.00686488151550293,0.7005591414420081,0.6878175919605448,0.001,"(25,)",3,"{'NN__alpha': 0.001, 'pca__n_components': 3, 'NN__hidden_layer_sizes': (25,)}",1,0.7359390693003014,0.6674809818013702,0.6922497489119519,0.690484070945236,0.7060595915634417,0.6563957886773422,0.7170237696685638,0.7357205900895222,0.6513370805654917,0.6890065282892535,0.2249014620970265,0.005952608817107944,0.028421181909543587,0.02721811288039221
134,1.476365900039673,0.0052258014678955075,0.698200329372873,0.6976130512161648,0.001,"(25,)",4,"{'NN__alpha': 0.001, 'pca__n_components': 4, 'NN__hidden_layer_sizes': (25,)}",6,0.7267325075326415,0.6944137981759341,0.6699029126213593,0.7075557937208422,0.7019584867760296,0.679036376245114,0.7366086374288585,0.7429732484344135,0.6556378811105436,0.6640860395045197,0.33468558040031904,0.0034886302885643217,0.03134508743264093,0.026965882917127003
135,1.0469154834747314,0.008908319473266601,0.6283263391503953,0.6385457291843298,0.001,"(25,)",5,"{'NN__alpha': 0.001, 'pca__n_components': 5, 'NN__hidden_layer_sizes': (25,)}",114,0.629812520924004,0.6256672130458538,0.6437897556076332,0.6220264363468246,0.5926514897890861,0.6146818391964023,0.617425510545698,0.6528548312528895,0.6580650655765631,0.6774983260796787,0.09925582942455863,0.009309470895933609,0.02243121357813583,0.023367856838127664
136,1.2700963020324707,0.013450384140014648,0.6529479597513348,0.6620878242948882,0.001,"(25,)",6,"{'NN__alpha': 0.001, 'pca__n_components': 6, 'NN__hidden_layer_sizes': (25,)}",71,0.6605289588215602,0.6649907535829865,0.6149983260796786,0.6411812297734628,0.6823736190157349,0.6675808010759468,0.6532474054235019,0.6755505821039801,0.6535939362970536,0.661135754938065,0.2720321245741012,0.0042730428840047,0.021752302505528356,0.011470290063801425
137,1.2336576938629151,0.005703401565551758,0.5510756644090841,0.5689280533103767,0.001,"(25,)",7,"{'NN__alpha': 0.001, 'pca__n_components': 7, 'NN__hidden_layer_sizes': (25,)}",209,0.49891195179109477,0.508132644054974,0.5013391362571141,0.500425545328458,0.5320555741546702,0.5350575799604925,0.6271342484097757,0.6532173328289832,0.5961079884176463,0.6478071643789756,0.329435827371941,0.006384182615254333,0.05171422640598956,0.06762023536786615
138,0.9231395244598388,0.00243377685546875,0.5797160563756184,0.5787265922895317,0.001,"(25,)",8,"{'NN__alpha': 0.001, 'pca__n_components': 8, 'NN__hidden_layer_sizes': (25,)}",180,0.6309005691329094,0.6496763754045307,0.5975058587211249,0.5539313033245072,0.5210077000334783,0.5106412600344639,0.5148141948443253,0.5078699617534569,0.6345597002214276,0.6715140609306997,0.21548271464406715,0.0028311125704573625,0.05215743605557475,0.06915846582301978
139,1.1008554935455321,0.0052567005157470705,0.6474198347172282,0.6658842176125404,0.001,"(25,)",9,"{'NN__alpha': 0.001, 'pca__n_components': 9, 'NN__hidden_layer_sizes': (25,)}",85,0.6402745229327085,0.643634682469634,0.6833779712085705,0.7039334047829194,0.6826247070639437,0.652329466649855,0.5772514228322733,0.6770084688774008,0.6535939362970536,0.6525150652828926,0.1765643856572401,0.003431564674737833,0.0388605906030895,0.022040857207828658
140,0.7238375663757324,0.00704488754272461,0.5905903511290058,0.6092424677208742,0.001,"(25,)",10,"{'NN__alpha': 0.001, 'pca__n_components': 10, 'NN__hidden_layer_sizes': (25,)}",169,0.5902243053230667,0.5983351195729837,0.5487110813525277,0.5890335392762577,0.5880482089052562,0.5803755306182491,0.6031134917977905,0.6009698230572017,0.6229773462783175,0.6774983260796786,0.21870085331773192,0.005977654922240571,0.024349492287796662,0.034894039434305676
141,0.800716781616211,0.01078653335571289,0.5619714255880979,0.5698964814339772,0.001,"(25,)",11,"{'NN__alpha': 0.001, 'pca__n_components': 11, 'NN__hidden_layer_sizes': (25,)}",194,0.5296283896886509,0.5573908292354893,0.5382490793438232,0.5445850670365233,0.6319886173418146,0.6246532593619972,0.5950786742551054,0.5887262009834825,0.5147334355305742,0.5341270505523937,0.23029387506497084,0.012882519008700605,0.044357066863061845,0.03295261533982722
142,1.19414324760437,0.007071590423583985,0.6456474836595673,0.6749251264860572,0.001,"(25,)",12,"{'NN__alpha': 0.001, 'pca__n_components': 12, 'NN__hidden_layer_sizes': (25,)}",90,0.6227820555741548,0.6949128945488168,0.7054737194509543,0.7333669566679276,0.6828757951121528,0.6931923254738789,0.6397723468362905,0.6848784306308578,0.5770737523420203,0.5682750251088049,0.26464490695329823,0.00601427296186266,0.045199012857696674,0.055896263440725666
143,1.226042890548706,0.006870794296264649,0.6194577564188309,0.6202118270079435,0.001,"(25, 25)",2,"{'NN__alpha': 0.001, 'pca__n_components': 2, 'NN__hidden_layer_sizes': (25, 25)}",133,0.6694007365249415,0.692159984028916,0.5581687311683964,0.5613757197495062,0.6704887847338467,0.6725980330349262,0.6987780381653833,0.674925398226369,0.5000000000000002,0.5,0.4194562626807957,0.0028718214390796347,0.07666144017508406,0.07593022800703786
144,1.1306315898895263,0.007190513610839844,0.5820403850137414,0.5864367163915205,0.001,"(25, 25)",3,"{'NN__alpha': 0.001, 'pca__n_components': 3, 'NN__hidden_layer_sizes': (25, 25)}",177,0.6198526950117175,0.5900212247299625,0.544944760629394,0.5868874248728617,0.6171744224974892,0.6049914890934308,0.5914797455641111,0.6005889337200018,0.536578095724749,0.5496945095413458,0.19494600641776705,0.005997269610744054,0.03519386547589278,0.01953256996770604
145,1.2597720146179199,0.018896150588989257,0.6352616065856336,0.6444834542758883,0.001,"(25, 25)",4,"{'NN__alpha': 0.001, 'pca__n_components': 4, 'NN__hidden_layer_sizes': (25, 25)}",111,0.7098259122865752,0.7016874711049469,0.6262972882490793,0.6593667255075023,0.5778372949447607,0.5735746858319675,0.5950786742551055,0.6158139999159417,0.6673905637881113,0.6719743890190828,0.2793633930004721,0.01726246037224255,0.048144686205010154,0.044943417432407685
146,1.1328170776367188,0.003980255126953125,0.6143073694516371,0.6259533918263414,0.001,"(25, 25)",5,"{'NN__alpha': 0.001, 'pca__n_components': 5, 'NN__hidden_layer_sizes': (25, 25)}",144,0.6395212587880817,0.6404115706300172,0.5888851690659525,0.5563584877905265,0.6257951121526616,0.6452475518009498,0.598844994978239,0.6498392384314714,0.6185062169988079,0.6379101104787412,0.14096315896667486,0.003437134177743738,0.01828612525254787,0.03503783954576985
147,1.4099721908569336,0.01270761489868164,0.6367905820566706,0.6392429604766398,0.001,"(25, 25)",6,"{'NN__alpha': 0.001, 'pca__n_components': 6, 'NN__hidden_layer_sizes': (25, 25)}",107,0.6567626380984266,0.6419692766780146,0.6596919986608638,0.6984906274954819,0.6182624707063945,0.6097644265119992,0.5616839638433211,0.5564399193039969,0.687744847555783,0.6895505523937061,0.26870576096581794,0.009465701838628757,0.043592094402022594,0.052485998597421
148,1.3048580646514893,0.007260465621948242,0.5987588988369996,0.6215490067348118,0.001,"(25, 25)",7,"{'NN__alpha': 0.001, 'pca__n_components': 7, 'NN__hidden_layer_sizes': (25, 25)}",153,0.636006026113157,0.6675808010759466,0.7224640107130902,0.6991788551254571,0.5086206896551725,0.5186110410624972,0.5309675259457649,0.5647538141470181,0.595724748765117,0.6576205222631403,0.1853914456874939,0.005978556516326954,0.07673636190294895,0.0682178750208019
149,1.5258006572723388,0.01598987579345703,0.6686350932560621,0.6838956002707258,0.001,"(25, 25)",8,"{'NN__alpha': 0.001, 'pca__n_components': 8, 'NN__hidden_layer_sizes': (25, 25)}",35,0.6594409106126549,0.693636258563443,0.6979410780046871,0.7162321901399571,0.652996317375293,0.6609244315554994,0.6888182122530968,0.6795354726179968,0.643885198432976,0.6691496484767325,0.4255028252854489,0.011759366049115372,0.021010532938025125,0.019517499163307854
150,1.3474019527435304,0.004096078872680664,0.5512721674213681,0.5776695224761847,0.001,"(25, 25)",9,"{'NN__alpha': 0.001, 'pca__n_components': 9, 'NN__hidden_layer_sizes': (25, 25)}",205,0.5654502845664545,0.5638843357289959,0.4951456310679611,0.5213823393435044,0.5015902243053231,0.5359086706174084,0.6370940743220623,0.6872425713445132,0.5571027082268781,0.5799296953465016,0.3699442137226957,0.0036413986661373876,0.05143693325233558,0.05850403153004454
151,0.9339340209960938,0.005788564682006836,0.5550846972334051,0.5727460590408364,0.001,"(25, 25)",10,"{'NN__alpha': 0.001, 'pca__n_components': 10, 'NN__hidden_layer_sizes': (25, 25)}",201,0.5468697689989956,0.5770525995040557,0.5,0.5,0.5344827586206897,0.525974025974026,0.6271342484097757,0.637377590047493,0.5669817748254132,0.6233260796786073,0.25293152410551606,0.0063118307502895085,0.04210726047072036,0.05335490935596976
152,1.1188762187957764,0.007296895980834961,0.6384810015687602,0.6671815239776404,0.001,"(25, 25)",11,"{'NN__alpha': 0.001, 'pca__n_components': 11, 'NN__hidden_layer_sizes': (25, 25)}",99,0.6950117174422499,0.6785845626865044,0.6446267157683295,0.6713030092884462,0.6012721794442586,0.6624821376034968,0.6109809173083361,0.6056981044845122,0.6405212059274402,0.7178398058252429,0.213934182648596,0.005869291991045642,0.03280995889046444,0.03609867742058046
153,1.3408523082733155,0.0011803150177001954,0.6249533406093195,0.6532873693653741,0.001,"(25, 25)",12,"{'NN__alpha': 0.001, 'pca__n_components': 12, 'NN__hidden_layer_sizes': (25, 25)}",118,0.6397723468362907,0.6635144790484596,0.7003682624707064,0.6845527045769765,0.5,0.5219891354600092,0.6815366588550386,0.6945057369814651,0.6030063021631753,0.7018747907599598,0.8877071866045022,3.468170101819148e-05,0.0710224998132602,0.06690445804539769
154,45.54124999046326,0.19895100593566895,0.6206465942996422,0.6227811497731149,0.001,"(100, 25, 100)",2,"{'NN__alpha': 0.001, 'pca__n_components': 2, 'NN__hidden_layer_sizes': (100, 25, 100)}",123,0.5,0.5,0.6868932038834951,0.7099015466733914,0.5,0.5,0.7394543019752261,0.6992418988778213,0.6770993016521889,0.7047623033143623,12.599326370293918,0.02458101275490089,0.10082502571079825,0.10030706926720998
155,36.63261079788208,0.17542634010314942,0.5554651315448269,0.5605701184208047,0.001,"(100, 25, 100)",3,"{'NN__alpha': 0.001, 'pca__n_components': 3, 'NN__hidden_layer_sizes': (100, 25, 100)}",197,0.5086206896551725,0.5129870129870129,0.5,0.5021645021645021,0.5517241379310345,0.551766801160005,0.5,0.512987012987013,0.7175949582694604,0.7229452628054905,9.418324562617338,0.07555804872707762,0.0831551116292511,0.08292491273973947
156,55.460643434524535,0.13343982696533202,0.6605142786496608,0.6640640104232337,0.001,"(100, 25, 100)",4,"{'NN__alpha': 0.001, 'pca__n_components': 4, 'NN__hidden_layer_sizes': (100, 25, 100)}",51,0.6890693003013058,0.6880122304879587,0.685554067626381,0.7002111965704199,0.6134081017743556,0.6069931282309924,0.6443756277201206,0.6624821376034968,0.6702009879066602,0.662621359223301,10.551372619776743,0.06457465431840073,0.028349071808203424,0.03206806969223748
157,50.36294469833374,0.20413622856140137,0.6485115487944936,0.6669284431671442,0.001,"(100, 25, 100)",5,"{'NN__alpha': 0.001, 'pca__n_components': 5, 'NN__hidden_layer_sizes': (100, 25, 100)}",84,0.6890693003013058,0.6972770352624722,0.6844660194174758,0.7189036691463877,0.6764312018747908,0.6862732736519145,0.5875460328088383,0.6000740764090278,0.6048799182422078,0.6321141613659189,12.553004959968208,0.03768001674319856,0.04321466962135269,0.0439959638971813
158,38.833115339279175,0.19001002311706544,0.5956105557968076,0.6042048914705427,0.001,"(100, 25, 100)",6,"{'NN__alpha': 0.001, 'pca__n_components': 6, 'NN__hidden_layer_sizes': (100, 25, 100)}",166,0.6914964847673252,0.7162321901399571,0.6160863742885838,0.6031894885050225,0.5,0.5,0.5,0.5,0.670754556293647,0.7016027787077336,8.928501539276075,0.018843525836480295,0.08191065082746404,0.09354658084761011
159,54.67595729827881,0.17149462699890136,0.6371458785079528,0.6719979398461152,0.001,"(100, 25, 100)",7,"{'NN__alpha': 0.001, 'pca__n_components': 7, 'NN__hidden_layer_sizes': (100, 25, 100)}",104,0.6842149313692669,0.6987349220358929,0.6893203883495145,0.7332855251544571,0.6605289588215602,0.7190849199344345,0.5,0.5,0.6517203202180211,0.7088843321057918,17.329949325168297,0.040145747079785826,0.0700337403048602,0.08675495982204608
160,58.944989919662476,0.14292550086975098,0.6834997007480299,0.7109149206445825,0.001,"(100, 25, 100)",8,"{'NN__alpha': 0.001, 'pca__n_components': 8, 'NN__hidden_layer_sizes': (100, 25, 100)}",17,0.6683126883160362,0.7086879544403817,0.6906595246066287,0.7330228428529401,0.6605289588215602,0.7020315849199344,0.720873786407767,0.7008179926869247,0.6770993016521889,0.7100142283227319,3.7175553781686683,0.05255154859390905,0.021208014226649335,0.011622327282287511
161,68.17529058456421,0.10786228179931641,0.6674991360551296,0.6983880727017653,0.001,"(100, 25, 100)",9,"{'NN__alpha': 0.001, 'pca__n_components': 9, 'NN__hidden_layer_sizes': (100, 25, 100)}",37,0.7235520589219954,0.699178855125457,0.6941747572815533,0.7363195057369815,0.659189822564446,0.7245460849829781,0.5937395379979913,0.6090761988820241,0.6668369954011244,0.722819718781386,11.427990934726228,0.039528611211409354,0.04329105593060621,0.046254030507197966
162,51.809082698822024,0.23625602722167968,0.6752371629806244,0.7151907725685763,0.001,"(100, 25, 100)",10,"{'NN__alpha': 0.001, 'pca__n_components': 10, 'NN__hidden_layer_sizes': (100, 25, 100)}",30,0.7100770003347842,0.7086065229269113,0.691747572815534,0.7395163493464465,0.6877301640441915,0.7214122851258774,0.6357549380649481,0.654430925061993,0.6507835121785047,0.7519877803816539,17.61154931838803,0.026369751369605468,0.027567820906351934,0.033821803915342646
163,59.13188486099243,0.23503665924072265,0.6844162001217421,0.7159620802699143,0.001,"(100, 25, 100)",11,"{'NN__alpha': 0.001, 'pca__n_components': 11, 'NN__hidden_layer_sizes': (100, 25, 100)}",16,0.6853029795781721,0.6978023998655067,0.6904084365584198,0.745584310511495,0.6877301640441915,0.7228885596604043,0.6616170070304654,0.648888328499979,0.6970703457673312,0.7646468028121862,19.49473896722067,0.042589459196025053,0.012062759813102503,0.04030959443888073
164,49.502704763412474,0.18050179481506348,0.669661970556823,0.6930556219809652,0.001,"(100, 25, 100)",12,"{'NN__alpha': 0.001, 'pca__n_components': 12, 'NN__hidden_layer_sizes': (100, 25, 100)}",34,0.6209407432206228,0.6270804438280166,0.7038834951456311,0.7344176858739965,0.6850518915299632,0.716838986256462,0.6740040174087714,0.6653348673979742,0.664409810935105,0.7216061265483763,1.2999877695106812,0.07786195089322866,0.027680161517063668,0.04052842070392001
165,21.050016784667967,0.09715089797973633,0.6065262905592155,0.6068152832548547,0.0001,"(50, 50)",2,"{'NN__alpha': 0.0001, 'pca__n_components': 2, 'NN__hidden_layer_sizes': (50, 50)}",149,0.6147472380314698,0.5936620014289918,0.5692166052895882,0.5718541167570295,0.6581017743555407,0.6692199386374144,0.6061265483762973,0.6243905770604798,0.5843553057400787,0.5749497823903582,4.761025750207991,0.024956865940236033,0.030374239799954152,0.03637013636706504
166,19.435838508605958,0.09107346534729004,0.5491668090154633,0.5285115370066826,0.0001,"(50, 50)",3,"{'NN__alpha': 0.0001, 'pca__n_components': 3, 'NN__hidden_layer_sizes': (50, 50)}",213,0.6368429862738534,0.5586858529819694,0.6026113157013726,0.5805935569285083,0.5061935051891531,0.4997373176984828,0.5,0.5035409574244525,0.5000000000000002,0.5,1.6448505940540856,0.024417126839708356,0.05870055841865786,0.034314485068746695
167,16.223922300338746,0.07441201210021972,0.5195159565598007,0.5121537847266002,0.0001,"(50, 50)",4,"{'NN__alpha': 0.0001, 'pca__n_components': 4, 'NN__hidden_layer_sizes': (50, 50)}",217,0.5258620689655173,0.5096089185895011,0.5716437897556076,0.5508158912285126,0.5,0.49939320388349506,0.5,0.502164502164502,0.5000000000000002,0.4987864077669903,0.898562381419113,0.027672569918567865,0.027934619966144093,0.01971060516148675
168,27.819457626342775,0.10906758308410644,0.6190180180869782,0.6283155216616884,0.0001,"(50, 50)",5,"{'NN__alpha': 0.0001, 'pca__n_components': 5, 'NN__hidden_layer_sizes': (50, 50)}",134,0.6766822899229997,0.6951939646114405,0.6707398727820556,0.7060164754339512,0.6295614328757951,0.6303587189509519,0.5851188483428188,0.606304900601017,0.5326605348322264,0.5037035487110815,7.353646198674727,0.03234153662506883,0.0542238681833087,0.07283810849518907
169,28.1437105178833,0.08324704170227051,0.6598594496942248,0.6785180768901894,0.0001,"(50, 50)",6,"{'NN__alpha': 0.0001, 'pca__n_components': 6, 'NN__hidden_layer_sizes': (50, 50)}",54,0.6901573485102109,0.6867172067414785,0.6596919986608637,0.6666298911444543,0.6713257448945432,0.6867172067414785,0.6642952795446938,0.693210713234985,0.6136518480667691,0.6593153665885504,5.389270914033203,0.03557405620891264,0.025292770547549255,0.013117911927214492
170,23.785308170318604,0.10480289459228516,0.5978333889748251,0.6205278609906999,0.0001,"(50, 50)",7,"{'NN__alpha': 0.0001, 'pca__n_components': 7, 'NN__hidden_layer_sizes': (50, 50)}",156,0.5641111483093405,0.5523735972765099,0.7041345831938399,0.7196102845374691,0.5,0.5108225108225108,0.6112320053565451,0.6569395410414828,0.6097342871742465,0.6628933712755274,8.535464481589525,0.025347765719542892,0.06685215336831683,0.07696524030971917
171,42.30160069465637,0.10309052467346191,0.6848425485159588,0.6944143778885996,0.0001,"(50, 50)",8,"{'NN__alpha': 0.0001, 'pca__n_components': 8, 'NN__hidden_layer_sizes': (50, 50)}",14,0.696350853699364,0.6845527045769764,0.673167057248075,0.6929480309334679,0.6861399397388684,0.6796983356449375,0.6594409106126549,0.702556949522969,0.7092062680974284,0.7123158687646469,3.798913678724406,0.02119639001193278,0.017367610953212695,0.011855205790042574
172,34.49238991737366,0.1090841293334961,0.6533300483234256,0.6823343978307153,0.0001,"(50, 50)",9,"{'NN__alpha': 0.0001, 'pca__n_components': 9, 'NN__hidden_layer_sizes': (50, 50)}",66,0.6801975225979243,0.6776336527550121,0.703883495145631,0.7158066448114991,0.6134081017743556,0.6256041692934897,0.6198526950117174,0.6593667255075022,0.6492931357520015,0.733260796786073,8.539915667191154,0.023027589991845353,0.03467793893319406,0.03868286244476211
173,40.68549838066101,0.10772008895874023,0.6492755812186973,0.6799396772739592,0.0001,"(50, 50)",10,"{'NN__alpha': 0.0001, 'pca__n_components': 10, 'NN__hidden_layer_sizes': (50, 50)}",83,0.6704887847338468,0.7524403185810954,0.6966019417475728,0.6907835287689658,0.615835286240375,0.5945314798470138,0.5864579845999331,0.6237023494305047,0.677099301652189,0.7382407097422163,21.295319579083916,0.05057358428304008,0.041308058881696245,0.062016352235114265
174,26.99107437133789,0.07726507186889649,0.6145289980785239,0.6437482880360349,0.0001,"(50, 50)",11,"{'NN__alpha': 0.0001, 'pca__n_components': 11, 'NN__hidden_layer_sizes': (50, 50)}",141,0.6914964847673252,0.7164134409280041,0.6214429193170405,0.6368522254444585,0.5913123535319719,0.5785104862774765,0.5236859725477067,0.6129612701214643,0.6448220064724922,0.6740040174087714,6.961697530254779,0.018312933326341617,0.05601667679939935,0.04784767608634201
175,26.051710176467896,0.07635526657104492,0.6197304634052582,0.6506743507580468,0.0001,"(50, 50)",12,"{'NN__alpha': 0.0001, 'pca__n_components': 12, 'NN__hidden_layer_sizes': (50, 50)}",130,0.6877301640441915,0.6950311015844995,0.6645463675929026,0.6913088933720002,0.5579176431201874,0.5650979279620056,0.6088048208905257,0.6736487622409953,0.5795009368080398,0.6282850686307332,5.014161320135507,0.018181845409184622,0.049384494344109096,0.04893079822168505
176,8.887386560440063,0.03204159736633301,0.6571444684010186,0.6624331699992898,0.0001,"(50,)",2,"{'NN__alpha': 0.0001, 'pca__n_components': 2, 'NN__hidden_layer_sizes': (50,)}",58,0.6981921660528961,0.6433536124070105,0.6413625711416138,0.6727425083007608,0.6605289588215602,0.6686131425209095,0.6567626380984266,0.6683504602193924,0.6287685232498725,0.6591061265483763,2.8278107877036596,0.018020423247818548,0.02345126780202871,0.010531738471614663
177,6.498336744308472,0.041109991073608396,0.5703021409370332,0.5648500826815188,0.0001,"(50,)",3,"{'NN__alpha': 0.0001, 'pca__n_components': 3, 'NN__hidden_layer_sizes': (50,)}",189,0.7049715433545365,0.6684502794939688,0.49271844660194175,0.4884708737864077,0.5,0.4981796116504854,0.49757281553398053,0.4981796116504854,0.6565746891500599,0.670970036826247,3.3238307452482254,0.02706936299639819,0.09146963973643153,0.08569496182821992
178,7.537036657333374,0.04457254409790039,0.6654267559924681,0.6802566170577553,0.0001,"(50,)",4,"{'NN__alpha': 0.0001, 'pca__n_components': 4, 'NN__hidden_layer_sizes': (50,)}",43,0.6335788416471377,0.6592485184718194,0.6586039504519586,0.6761206026982725,0.6911617007030466,0.7076004497121003,0.6968530297957818,0.7033712646576724,0.6468659512859823,0.6549422497489119,2.4628232064702353,0.028558971710951786,0.024723479789843458,0.021823089291493396
179,9.850106143951416,0.061988115310668945,0.6610618890264857,0.6741798515066008,0.0001,"(50,)",5,"{'NN__alpha': 0.0001, 'pca__n_components': 5, 'NN__hidden_layer_sizes': (50,)}",49,0.6877301640441916,0.6667927541713949,0.7116672246401072,0.7040148362963897,0.6640441914964849,0.6568397217669063,0.6139102778707735,0.6757134451309209,0.6278317152103562,0.667538500167392,0.9484041379584373,0.043054559580352404,0.03635748678522089,0.01607379905841519
180,8.159819746017456,0.04282670021057129,0.6543485853005444,0.6585273921480818,0.0001,"(50,)",6,"{'NN__alpha': 0.0001, 'pca__n_components': 6, 'NN__hidden_layer_sizes': (50,)}",63,0.714931369266823,0.6811562224183584,0.7178607298292601,0.6861734543773378,0.6497321727485772,0.6452107762787375,0.6031134917977905,0.6595742445257008,0.5858456821665818,0.6205222631402746,1.4932552736827087,0.022503320314577174,0.05483917626149449,0.024079811897924575
181,7.379480600357056,0.03740296363830566,0.576101662685153,0.5939071111903385,0.0001,"(50,)",7,"{'NN__alpha': 0.0001, 'pca__n_components': 7, 'NN__hidden_layer_sizes': (50,)}",185,0.5,0.5074444164249989,0.5692166052895882,0.5742813012230488,0.6072145965852026,0.6162579330055058,0.6333277535989287,0.6608430000420291,0.5707290069834783,0.6107089052561098,1.4034533995364726,0.014015696967659983,0.04498472753140253,0.051231323892642615
182,8.866863918304443,0.04714837074279785,0.6532323946221149,0.6672995860851569,0.0001,"(50,)",8,"{'NN__alpha': 0.0001, 'pca__n_components': 8, 'NN__hidden_layer_sizes': (50,)}",67,0.6976899899564781,0.6808935401168411,0.6421995313023101,0.6787474257134452,0.6616170070304654,0.6731233976379608,0.673167057248075,0.6706778254108352,0.5912536194856075,0.6330557415467025,2.3519209330506237,0.02252430810015973,0.03577026396226503,0.017514672643749375
183,11.14972276687622,0.044063901901245116,0.649910648104553,0.6842605837416684,0.0001,"(50,)",9,"{'NN__alpha': 0.0001, 'pca__n_components': 9, 'NN__hidden_layer_sizes': (50,)}",79,0.6521593572145966,0.6753693313159332,0.6976899899564781,0.6990974236119867,0.640860395045196,0.6837646576724247,0.6381821225309675,0.6791913588030093,0.620550161812298,0.6838801473049883,0.9867506653183875,0.021898297429659003,0.025956550260918393,0.008065654382166897
184,7.4120519161224365,0.03605904579162598,0.6199591009319918,0.6220882844418163,0.0001,"(50,)",10,"{'NN__alpha': 0.0001, 'pca__n_components': 10, 'NN__hidden_layer_sizes': (50,)}",126,0.6247070639437563,0.6496763754045307,0.6629561432875795,0.6385911822805026,0.5579176431201874,0.5594738998865212,0.5899732172748577,0.5944500483335434,0.6644098109351051,0.6682499163039839,1.1793460768072752,0.009968756470260035,0.04145956284804531,0.03962014110180433
185,8.260338497161865,0.039564895629882815,0.5972914104315968,0.6179975239022779,0.0001,"(50,)",11,"{'NN__alpha': 0.0001, 'pca__n_components': 11, 'NN__hidden_layer_sizes': (50,)}",160,0.5112989621694007,0.5559145547009624,0.6222798794777369,0.6013691001555079,0.628222296618681,0.6522664228974909,0.6419484432541012,0.6531359013155131,0.5826520183955035,0.627301640441915,2.3964520765268253,0.018149541834606573,0.04731188835833339,0.036404475360361545
186,5.205771780014038,0.019259309768676756,0.5849376021558842,0.5869692187067479,0.0001,"(50,)",12,"{'NN__alpha': 0.0001, 'pca__n_components': 12, 'NN__hidden_layer_sizes': (50,)}",173,0.6123200535654503,0.5733120035304501,0.5621861399397389,0.5926112722229226,0.5568295949112823,0.5739187996469549,0.5608470036826247,0.5916603622914303,0.6326860841423951,0.6033436558419819,0.6566395511996925,0.006765651363449526,0.03134596631004101,0.011651564285666747
187,1.4410072803497314,0.010480022430419922,0.6824964439741031,0.6764612382372678,0.0001,"(25,)",2,"{'NN__alpha': 0.0001, 'pca__n_components': 2, 'NN__hidden_layer_sizes': (25,)}",19,0.7017073987278206,0.6658050687176901,0.6798627385336458,0.6941248476442652,0.6863910277870774,0.674925398226369,0.6791094743890191,0.6771713319043416,0.6653466189746213,0.6702795446936726,0.33625386694731874,0.009627365300272266,0.011799714840325447,0.009660573675874192
188,1.2718351364135743,0.012473630905151366,0.7005591414420081,0.6878175919605448,0.0001,"(25,)",3,"{'NN__alpha': 0.0001, 'pca__n_components': 3, 'NN__hidden_layer_sizes': (25,)}",1,0.7359390693003014,0.6674809818013702,0.6922497489119519,0.690484070945236,0.7060595915634417,0.6563957886773422,0.7170237696685638,0.7357205900895222,0.6513370805654917,0.6890065282892535,0.33077568235410576,0.008978128058286664,0.028421181909543587,0.02721811288039221
189,1.2329985618591308,0.002638578414916992,0.698200329372873,0.6976130512161648,0.0001,"(25,)",4,"{'NN__alpha': 0.0001, 'pca__n_components': 4, 'NN__hidden_layer_sizes': (25,)}",6,0.7267325075326415,0.6944137981759341,0.6699029126213593,0.7075557937208422,0.7019584867760296,0.679036376245114,0.7366086374288585,0.7429732484344135,0.6556378811105436,0.6640860395045197,0.42115932127126715,0.002889357957386032,0.03134508743264093,0.026965882917127003
190,0.9221889019012451,0.010468578338623047,0.6283263391503953,0.6385457291843298,0.0001,"(25,)",5,"{'NN__alpha': 0.0001, 'pca__n_components': 5, 'NN__hidden_layer_sizes': (25,)}",114,0.629812520924004,0.6256672130458538,0.6437897556076332,0.6220264363468246,0.5926514897890861,0.6146818391964023,0.617425510545698,0.6528548312528895,0.6580650655765631,0.6774983260796787,0.27555188868814173,0.008791572813319111,0.02243121357813583,0.023367856838127664
191,1.3522790908813476,0.0010549545288085938,0.6529479597513348,0.6620878242948882,0.0001,"(25,)",6,"{'NN__alpha': 0.0001, 'pca__n_components': 6, 'NN__hidden_layer_sizes': (25,)}",71,0.6605289588215602,0.6649907535829865,0.6149983260796786,0.6411812297734628,0.6823736190157349,0.6675808010759468,0.6532474054235019,0.6755505821039801,0.6535939362970536,0.661135754938065,0.13441735868000323,6.918632756896823e-05,0.021752302505528356,0.011470290063801425
192,0.9958091735839844,0.006956052780151367,0.5510756644090841,0.5689280533103767,0.0001,"(25,)",7,"{'NN__alpha': 0.0001, 'pca__n_components': 7, 'NN__hidden_layer_sizes': (25,)}",209,0.49891195179109477,0.508132644054974,0.5013391362571141,0.500425545328458,0.5320555741546702,0.5350575799604925,0.6271342484097757,0.6532173328289832,0.5961079884176463,0.6478071643789756,0.41312274381171216,0.0057873626638023905,0.05171422640598956,0.06762023536786615
193,0.9341130256652832,0.0056937217712402345,0.5797160563756184,0.5787265922895317,0.0001,"(25,)",8,"{'NN__alpha': 0.0001, 'pca__n_components': 8, 'NN__hidden_layer_sizes': (25,)}",180,0.6309005691329094,0.6496763754045307,0.5975058587211249,0.5539313033245072,0.5210077000334783,0.5106412600344639,0.5148141948443253,0.5078699617534569,0.6345597002214276,0.6715140609306997,0.2601109508283074,0.006388908438294342,0.05215743605557475,0.06915846582301978
194,1.2805882930755614,0.007131338119506836,0.6474198347172282,0.6658842176125404,0.0001,"(25,)",9,"{'NN__alpha': 0.0001, 'pca__n_components': 9, 'NN__hidden_layer_sizes': (25,)}",85,0.6402745229327085,0.643634682469634,0.6833779712085705,0.7039334047829194,0.6826247070639437,0.652329466649855,0.5772514228322733,0.6770084688774008,0.6535939362970536,0.6525150652828926,0.09918039488108772,0.006029429240824392,0.0388605906030895,0.022040857207828658
195,0.78239426612854,0.007101202011108398,0.5905903511290058,0.6092424677208742,0.0001,"(25,)",10,"{'NN__alpha': 0.0001, 'pca__n_components': 10, 'NN__hidden_layer_sizes': (25,)}",169,0.5902243053230667,0.5983351195729837,0.5487110813525277,0.5890335392762577,0.5880482089052562,0.5803755306182491,0.6031134917977905,0.6009698230572017,0.6229773462783175,0.6774983260796786,0.2015638524160698,0.005995539317852166,0.024349492287796662,0.034894039434305676
196,0.831594705581665,0.0038829326629638674,0.5619714255880979,0.5703293818668776,0.0001,"(25,)",11,"{'NN__alpha': 0.0001, 'pca__n_components': 11, 'NN__hidden_layer_sizes': (25,)}",194,0.5296283896886509,0.5573908292354893,0.5382490793438232,0.5467495692010255,0.6319886173418146,0.6246532593619972,0.5950786742551054,0.5887262009834825,0.5147334355305742,0.5341270505523937,0.16829486855752465,0.0034183254192886405,0.044357066863061845,0.03262989157772176
197,1.3108443737030029,0.0038447856903076174,0.6456474836595673,0.6749251264860572,0.0001,"(25,)",12,"{'NN__alpha': 0.0001, 'pca__n_components': 12, 'NN__hidden_layer_sizes': (25,)}",90,0.6227820555741548,0.6949128945488168,0.7054737194509543,0.7333669566679276,0.6828757951121528,0.6931923254738789,0.6397723468362905,0.6848784306308578,0.5770737523420203,0.5682750251088049,0.34398932375533875,0.0034907341583131474,0.045199012857696674,0.055896263440725666
198,1.1899132251739502,0.006601762771606445,0.6187039211869072,0.6240916446013534,0.0001,"(25, 25)",2,"{'NN__alpha': 0.0001, 'pca__n_components': 2, 'NN__hidden_layer_sizes': (25, 25)}",137,0.6470539002343489,0.6539055604589585,0.5853699363910277,0.6199801412180053,0.6704887847338467,0.6725980330349262,0.6901573485102108,0.6739744882948766,0.5000000000000002,0.5,0.4870227128683053,0.0027783440253773845,0.06893095905858038,0.06503180469973957
199,1.0653376579284668,0.008936214447021484,0.5820403850137414,0.5864367163915205,0.0001,"(25, 25)",3,"{'NN__alpha': 0.0001, 'pca__n_components': 3, 'NN__hidden_layer_sizes': (25, 25)}",177,0.6198526950117175,0.5900212247299625,0.544944760629394,0.5868874248728617,0.6171744224974892,0.6049914890934308,0.5914797455641111,0.6005889337200018,0.536578095724749,0.5496945095413458,0.268934608548521,0.008984275641251106,0.03519386547589278,0.01953256996770604
200,1.4719577789306642,0.007217025756835938,0.634775801658394,0.6439310605698286,0.0001,"(25, 25)",4,"{'NN__alpha': 0.0001, 'pca__n_components': 4, 'NN__hidden_layer_sizes': (25, 25)}",112,0.7073987278205558,0.7016874711049469,0.6262972882490793,0.6593667255075023,0.5778372949447607,0.5729678897154626,0.5950786742551055,0.6158139999159417,0.6673905637881113,0.6698192166052896,0.27901333041082316,0.0058893678497357535,0.04739627123849546,0.044878948406587967
201,1.2264610290527345,0.004016304016113281,0.6143073694516371,0.6259533918263414,0.0001,"(25, 25)",5,"{'NN__alpha': 0.0001, 'pca__n_components': 5, 'NN__hidden_layer_sizes': (25, 25)}",144,0.6395212587880817,0.6404115706300172,0.5888851690659525,0.5563584877905265,0.6257951121526616,0.6452475518009498,0.598844994978239,0.6498392384314714,0.6185062169988079,0.6379101104787412,0.24060675092121978,0.003396639551702281,0.01828612525254787,0.03503783954576985
202,1.2465598583221436,0.001177978515625,0.6367905820566706,0.6396739949593984,0.0001,"(25, 25)",6,"{'NN__alpha': 0.0001, 'pca__n_components': 6, 'NN__hidden_layer_sizes': (25, 25)}",107,0.6567626380984266,0.6419692766780146,0.6596919986608638,0.6984906274954819,0.6182624707063945,0.6097644265119992,0.5616839638433211,0.5564399193039969,0.687744847555783,0.6917057248074991,0.31169175100634,8.763294041440488e-05,0.043592094402022594,0.05290455391921752
203,1.3723242282867432,0.014072227478027343,0.5987588988369996,0.6215490067348118,0.0001,"(25, 25)",7,"{'NN__alpha': 0.0001, 'pca__n_components': 7, 'NN__hidden_layer_sizes': (25, 25)}",153,0.636006026113157,0.6675808010759466,0.7224640107130902,0.6991788551254571,0.5086206896551725,0.5186110410624972,0.5309675259457649,0.5647538141470181,0.595724748765117,0.6576205222631403,0.32245516725156675,0.011557861170719622,0.07673636190294895,0.0682178750208019
204,1.5310987472534179,0.0011501312255859375,0.6686350932560621,0.6835840590611262,0.0001,"(25, 25)",8,"{'NN__alpha': 0.0001, 'pca__n_components': 8, 'NN__hidden_layer_sizes': (25, 25)}",35,0.6594409106126549,0.6914717563989408,0.6979410780046871,0.716838986256462,0.652996317375293,0.6609244315554994,0.6888182122530968,0.6795354726179968,0.643885198432976,0.6691496484767325,0.471746686577533,3.0640637122498766e-05,0.021010532938025125,0.01952592088409742
205,1.3587568759918214,0.013953685760498047,0.5512721674213681,0.5775481632528836,0.0001,"(25, 25)",9,"{'NN__alpha': 0.0001, 'pca__n_components': 9, 'NN__hidden_layer_sizes': (25, 25)}",205,0.5654502845664545,0.5632775396124909,0.4951456310679611,0.5213823393435044,0.5015902243053231,0.5359086706174084,0.6370940743220623,0.6872425713445132,0.5571027082268781,0.5799296953465016,0.5630895396444818,0.015509610108502263,0.05143693325233558,0.058533123414235826
206,0.7821813106536866,0.003832721710205078,0.5550846972334051,0.5727460590408364,0.0001,"(25, 25)",10,"{'NN__alpha': 0.0001, 'pca__n_components': 10, 'NN__hidden_layer_sizes': (25, 25)}",201,0.5468697689989956,0.5770525995040557,0.5,0.5,0.5344827586206897,0.525974025974026,0.6271342484097757,0.637377590047493,0.5669817748254132,0.6233260796786073,0.19806635014833976,0.003212396346742749,0.04210726047072036,0.05335490935596976
207,1.1708285808563232,0.0026926040649414063,0.6384810015687602,0.6670601647543395,0.0001,"(25, 25)",11,"{'NN__alpha': 0.0001, 'pca__n_components': 11, 'NN__hidden_layer_sizes': (25, 25)}",99,0.6950117174422499,0.6785845626865044,0.6446267157683295,0.6713030092884462,0.6012721794442586,0.6624821376034968,0.6109809173083361,0.6056981044845122,0.6405212059274402,0.7172330097087379,0.3034136606597264,0.0028355925328170596,0.03280995889046444,0.035928786846787235
208,1.2774952411651612,0.013951349258422851,0.6249533406093195,0.6521156251403992,0.0001,"(25, 25)",12,"{'NN__alpha': 0.0001, 'pca__n_components': 12, 'NN__hidden_layer_sizes': (25, 25)}",118,0.6397723468362907,0.6635144790484596,0.7003682624707064,0.6845527045769765,0.5,0.5219891354600092,0.6815366588550386,0.6945057369814651,0.6030063021631753,0.6960160696350854,0.4401641261741742,0.010216626223724195,0.0710224998132602,0.06608959361058572
209,45.793317794799805,0.15522308349609376,0.6201607893724025,0.6240779851216745,0.0001,"(100, 25, 100)",2,"{'NN__alpha': 0.0001, 'pca__n_components': 2, 'NN__hidden_layer_sizes': (100, 25, 100)}",125,0.5,0.5,0.6844660194174758,0.7120660488378935,0.5,0.5,0.7394543019752261,0.7014064010423234,0.6770993016521889,0.7069174757281553,13.208143165113572,0.01999060582791078,0.10051001483748372,0.10136533653372484
210,37.30877432823181,0.1807539463043213,0.5554651315448269,0.5605701184208047,0.0001,"(100, 25, 100)",3,"{'NN__alpha': 0.0001, 'pca__n_components': 3, 'NN__hidden_layer_sizes': (100, 25, 100)}",197,0.5086206896551725,0.5129870129870129,0.5,0.5021645021645021,0.5517241379310345,0.551766801160005,0.5,0.512987012987013,0.7175949582694604,0.7229452628054905,8.827867260018005,0.033416617467540204,0.0831551116292511,0.08292491273973947
211,56.127674388885495,0.12852025032043457,0.6583048688061972,0.6650511705123356,0.0001,"(100, 25, 100)",4,"{'NN__alpha': 0.0001, 'pca__n_components': 4, 'NN__hidden_layer_sizes': (100, 25, 100)}",57,0.6804486106461333,0.6880122304879587,0.685554067626381,0.7045402008994242,0.6134081017743556,0.6048286260664901,0.6443756277201206,0.664646639767999,0.6677738034406406,0.663228155339806,10.626565291630072,0.06118266594414184,0.026587991339910466,0.03381371226319519
212,47.892032861709595,0.14773807525634766,0.644306823389764,0.6653707371191468,0.0001,"(100, 25, 100)",5,"{'NN__alpha': 0.0001, 'pca__n_components': 5, 'NN__hidden_layer_sizes': (100, 25, 100)}",97,0.6680616002678273,0.6938175093514899,0.6844660194174758,0.7167391669818853,0.6764312018747908,0.6862732736519145,0.5875460328088383,0.5979095742445257,0.6048799182422078,0.6321141613659189,11.514112946332778,0.04732203082189591,0.03996362281551042,0.043684914553497566
213,38.46464343070984,0.1705571174621582,0.5956105557968076,0.6049456012127589,0.0001,"(100, 25, 100)",6,"{'NN__alpha': 0.0001, 'pca__n_components': 6, 'NN__hidden_layer_sizes': (100, 25, 100)}",166,0.6914964847673252,0.7156253940234522,0.6160863742885838,0.6031894885050225,0.5,0.5,0.5,0.5,0.670754556293647,0.7059131235353198,8.246394631834841,0.03915088341500528,0.08191065082746404,0.09431298898903791
214,55.3958402633667,0.18984994888305665,0.6371458785079528,0.6722406582927173,0.0001,"(100, 25, 100)",7,"{'NN__alpha': 0.0001, 'pca__n_components': 7, 'NN__hidden_layer_sizes': (100, 25, 100)}",104,0.6842149313692669,0.6987349220358929,0.6893203883495145,0.7332855251544571,0.6605289588215602,0.7196917160509393,0.5,0.5,0.6517203202180211,0.7094911282222967,18.79927201714076,0.03432680310294495,0.0700337403048602,0.08687285714527607
215,58.3206485748291,0.20162429809570312,0.6844713106025093,0.7110381458180253,0.0001,"(100, 25, 100)",8,"{'NN__alpha': 0.0001, 'pca__n_components': 8, 'NN__hidden_layer_sizes': (100, 25, 100)}",15,0.6683126883160362,0.7092947505568865,0.6930867090726481,0.7330228428529401,0.6629561432875796,0.7041960870844367,0.720873786407767,0.7008179926869247,0.6770993016521889,0.7078590559089387,1.6434154286727083,0.06092577657347801,0.020876591538638526,0.011381900027153892
216,68.27125735282898,0.11458659172058105,0.6897624032379408,0.7182778512080488,0.0001,"(100, 25, 100)",9,"{'NN__alpha': 0.0001, 'pca__n_components': 9, 'NN__hidden_layer_sizes': (100, 25, 100)}",10,0.7149313692668231,0.6997856512419618,0.7014563106796117,0.7190034884209642,0.659189822564446,0.7251528810994831,0.7063106796116505,0.7246275164964486,0.6668369954011244,0.722819718781386,6.66421206267548,0.03825589084511508,0.022379602861304384,0.009494217769643497
217,50.73519773483277,0.17520933151245116,0.6752371629806244,0.7157450322247778,0.0001,"(100, 25, 100)",10,"{'NN__alpha': 0.0001, 'pca__n_components': 10, 'NN__hidden_layer_sizes': (100, 25, 100)}",30,0.7014563106796118,0.7092133190434162,0.691747572815534,0.7395163493464465,0.6877301640441915,0.7235767872903796,0.6443756277201206,0.654430925061993,0.6507835121785047,0.7519877803816539,16.12645913702831,0.07178727505978326,0.02309234783275382,0.033888144573942965
218,54.53406844139099,0.22906203269958497,0.6771991484177781,0.7089668505805099,0.0001,"(100, 25, 100)",11,"{'NN__alpha': 0.0001, 'pca__n_components': 11, 'NN__hidden_layer_sizes': (100, 25, 100)}",28,0.6853029795781721,0.6978023998655067,0.6804486106461333,0.7127726642289749,0.6877301640441915,0.7207240574959022,0.652996317375293,0.648888328499979,0.6795264861182084,0.7646468028121862,15.860637928960974,0.08066602229247818,0.012481157491554986,0.03738193945650364
219,43.366396522521974,0.17443490028381348,0.673136481256463,0.6931769812042661,0.0001,"(100, 25, 100)",12,"{'NN__alpha': 0.0001, 'pca__n_components': 12, 'NN__hidden_layer_sizes': (100, 25, 100)}",32,0.6209407432206228,0.6276872399445216,0.7038834951456311,0.7344176858739965,0.6936725811851355,0.716838986256462,0.6740040174087714,0.6653348673979742,0.6731817407596663,0.7216061265483763,10.604406321994228,0.08614356916652839,0.028619442830022417,0.04033110963316879
